2026-07-19 10:19:58,046 WARNING Quelle 'huurwoningen' nicht erreichbar: 403 Client Error: Forbidden for url: https://www.huurwoningen.nl/en/in/maastricht/
2026-07-19 10:19:58,880 INFO kamernet: 17 Listings im HTML
2026-07-19 10:19:58,881 INFO kamernet: 17 Listings nach Filterung
2026-07-19 10:19:58,897 INFO Quelle 'kamernet': 17 Treffer, 17 neu (Baseline, still gespeichert)
2026-07-19 10:20:01,841 INFO mghousing: API lieferte 44 Objekte
2026-07-19 10:20:01,841 INFO mghousing: 10 Objekte nach Filterung
2026-07-19 10:20:01,852 INFO Quelle 'mghousing': 10 Treffer, 10 neu (Baseline, still gespeichert)
2026-07-19 10:20:21,889 WARNING Quelle 'wmm' nicht erreichbar: HTTPSConnectionPool(host='wmm.nl', port=443): Max retries exceeded with url: /en/offers (Caused by ConnectTimeoutError(<HTTPSConnection(host='wmm.nl', port=443) at 0x7f6762753170>, 'Connection to wmm.nl timed out. (connect timeout=20)'))
2026-07-19 10:20:22,536 INFO maasland: 7 Angebote
2026-07-19 10:20:22,544 INFO Quelle 'maasland': 7 Treffer, 7 neu (Baseline, still gespeichert)
2026-07-19 10:20:23,311 INFO immoweb: 47 Angebote
2026-07-19 10:20:23,353 INFO Quelle 'immoweb': 47 Treffer, 47 neu (Baseline, still gespeichert)
2026-07-19 10:20:23,353 INFO Lauf beendet: 81 Treffer gesamt, 81 neu gesamt
2026-07-19 11:34:32,748 WARNING Quelle 'huurwoningen' nicht erreichbar: 403 Client Error: Forbidden for url: https://www.huurwoningen.nl/en/in/maastricht/
2026-07-19 11:34:33,895 INFO kamernet: 17 Listings im HTML
2026-07-19 11:34:33,895 INFO kamernet: 17 Listings nach Filterung
2026-07-19 11:34:33,896 INFO Quelle 'kamernet': 17 Treffer, 0 neu
2026-07-19 11:34:38,343 INFO mghousing: API lieferte 44 Objekte
2026-07-19 11:34:38,343 INFO mghousing: 10 Objekte nach Filterung
2026-07-19 11:34:38,346 INFO Quelle 'mghousing': 10 Treffer, 0 neu
2026-07-19 11:34:39,175 INFO wmm: 10 Angebote
2026-07-19 11:34:39,458 INFO Quelle 'wmm': 10 Treffer, 10 neu (Baseline, still gespeichert)
2026-07-19 11:34:40,082 INFO maasland: 7 Angebote
2026-07-19 11:34:40,082 INFO Quelle 'maasland': 7 Treffer, 0 neu
2026-07-19 11:34:41,100 INFO immoweb: 47 Angebote
2026-07-19 11:34:43,544 INFO Gesendet: Goethalsstraat, 8620 Nieuwpoort | €890 p.m. | https://www.immoweb.be/en/classified/21721156
2026-07-19 11:34:43,545 INFO Quelle 'immoweb': 47 Treffer, 1 neu
2026-07-19 11:34:43,545 INFO Lauf beendet: 91 Treffer gesamt, 11 neu gesamt
2026-07-19 12:34:11,466 WARNING Quelle 'huurwoningen' nicht erreichbar: 403 Client Error: Forbidden for url: https://www.huurwoningen.nl/en/in/maastricht/
2026-07-19 12:34:12,757 INFO kamernet: 17 Listings im HTML
2026-07-19 12:34:12,757 INFO kamernet: 17 Listings nach Filterung
2026-07-19 12:34:14,639 INFO Gesendet: Tongerseweg, Maastricht | €395 p.m. | https://kamernet.nl/en/for-rent/room-maastricht/tongerseweg/room-2391290
2026-07-19 12:34:14,639 INFO Quelle 'kamernet': 17 Treffer, 1 neu
2026-07-19 12:34:17,528 INFO mghousing: API lieferte 44 Objekte
2026-07-19 12:34:17,528 INFO mghousing: 10 Objekte nach Filterung
2026-07-19 12:34:17,531 INFO Quelle 'mghousing': 10 Treffer, 0 neu
2026-07-19 12:34:37,570 WARNING Quelle 'wmm' nicht erreichbar: HTTPSConnectionPool(host='wmm.nl', port=443): Max retries exceeded with url: /en/offers (Caused by ConnectTimeoutError(<HTTPSConnection(host='wmm.nl', port=443) at 0x7fbc234c7ad0>, 'Connection to wmm.nl timed out. (connect timeout=20)'))
2026-07-19 12:34:38,025 INFO maasland: 7 Angebote
2026-07-19 12:34:38,025 INFO Quelle 'maasland': 7 Treffer, 0 neu
2026-07-19 12:34:39,008 INFO immoweb: 40 Angebote
2026-07-19 12:34:39,045 INFO Quelle 'immoweb': 40 Treffer, 40 neu (Baseline, still gespeichert)
2026-07-19 12:34:39,045 INFO Lauf beendet: 74 Treffer gesamt, 41 neu gesamt
2026-07-19 14:09:34,923 WARNING Quelle 'huurwoningen' nicht erreichbar: 403 Client Error: Forbidden for url: https://www.huurwoningen.nl/en/in/maastricht/
2026-07-19 14:09:36,757 INFO kamernet: 17 Listings im HTML
2026-07-19 14:09:36,758 INFO kamernet: 17 Listings nach Filterung
2026-07-19 14:09:36,758 INFO Quelle 'kamernet': 17 Treffer, 0 neu
2026-07-19 14:09:39,237 INFO mghousing: API lieferte 44 Objekte
2026-07-19 14:09:39,237 INFO mghousing: 10 Objekte nach Filterung
2026-07-19 14:09:39,239 INFO Quelle 'mghousing': 10 Treffer, 0 neu
2026-07-19 14:09:59,275 WARNING Quelle 'wmm' nicht erreichbar: HTTPSConnectionPool(host='wmm.nl', port=443): Max retries exceeded with url: /en/offers (Caused by ConnectTimeoutError(<HTTPSConnection(host='wmm.nl', port=443) at 0x7f5ba6023ce0>, 'Connection to wmm.nl timed out. (connect timeout=20)'))
2026-07-19 14:09:59,763 INFO maasland: 7 Angebote
2026-07-19 14:09:59,763 INFO Quelle 'maasland': 7 Treffer, 0 neu
2026-07-19 14:10:00,833 INFO immoweb: 40 Angebote
2026-07-19 14:10:00,833 INFO Quelle 'immoweb': 40 Treffer, 0 neu
2026-07-19 14:10:00,833 INFO Lauf beendet: 74 Treffer gesamt, 0 neu gesamt
2026-07-19 15:16:22,464 WARNING Quelle 'huurwoningen' nicht erreichbar: 403 Client Error: Forbidden for url: https://www.huurwoningen.nl/en/in/maastricht/
2026-07-19 15:16:23,067 INFO kamernet: 17 Listings im HTML
2026-07-19 15:16:23,067 INFO kamernet: 17 Listings nach Filterung
2026-07-19 15:16:25,012 INFO Gesendet: Lochterstraat, Maastricht | €750 p.m. | https://kamernet.nl/en/for-rent/studio-maastricht/lochterstraat/studio-2390848
2026-07-19 15:16:25,012 INFO Quelle 'kamernet': 17 Treffer, 1 neu
2026-07-19 15:16:27,264 INFO mghousing: API lieferte 44 Objekte
2026-07-19 15:16:27,264 INFO mghousing: 10 Objekte nach Filterung
2026-07-19 15:16:27,266 INFO Quelle 'mghousing': 10 Treffer, 0 neu
2026-07-19 15:16:47,309 WARNING Quelle 'wmm' nicht erreichbar: HTTPSConnectionPool(host='wmm.nl', port=443): Max retries exceeded with url: /en/offers (Caused by ConnectTimeoutError(<HTTPSConnection(host='wmm.nl', port=443) at 0x7f63cc72b920>, 'Connection to wmm.nl timed out. (connect timeout=20)'))
2026-07-19 15:16:47,765 INFO maasland: 7 Angebote
2026-07-19 15:16:47,765 INFO Quelle 'maasland': 7 Treffer, 0 neu
2026-07-19 15:16:48,713 INFO immoweb: 40 Angebote
2026-07-19 15:16:48,714 INFO Quelle 'immoweb': 40 Treffer, 0 neu
2026-07-19 15:16:48,714 INFO Lauf beendet: 74 Treffer gesamt, 1 neu gesamt
2026-07-19 16:15:42,654 WARNING Quelle 'huurwoningen' nicht erreichbar: 403 Client Error: Forbidden for url: https://www.huurwoningen.nl/en/in/maastricht/
2026-07-19 16:15:43,432 INFO kamernet: 17 Listings im HTML
2026-07-19 16:15:43,433 INFO kamernet: 17 Listings nach Filterung
2026-07-19 16:15:43,433 INFO Quelle 'kamernet': 17 Treffer, 0 neu
2026-07-19 16:15:46,063 INFO mghousing: API lieferte 44 Objekte
2026-07-19 16:15:46,063 INFO mghousing: 10 Objekte nach Filterung
2026-07-19 16:15:46,065 INFO Quelle 'mghousing': 10 Treffer, 0 neu
2026-07-19 16:16:06,089 WARNING Quelle 'wmm' nicht erreichbar: HTTPSConnectionPool(host='wmm.nl', port=443): Max retries exceeded with url: /en/offers (Caused by ConnectTimeoutError(<HTTPSConnection(host='wmm.nl', port=443) at 0x7fe303357ec0>, 'Connection to wmm.nl timed out. (connect timeout=20)'))
2026-07-19 16:16:06,559 INFO maasland: 7 Angebote
2026-07-19 16:16:06,559 INFO Quelle 'maasland': 7 Treffer, 0 neu
2026-07-19 16:16:07,464 INFO immoweb: 40 Angebote
2026-07-19 16:16:07,465 INFO Quelle 'immoweb': 40 Treffer, 0 neu
2026-07-19 16:16:07,465 INFO Lauf beendet: 74 Treffer gesamt, 0 neu gesamt
2026-07-19 17:28:57,450 WARNING Quelle 'huurwoningen' nicht erreichbar: 403 Client Error: Forbidden for url: https://www.huurwoningen.nl/en/in/maastricht/
2026-07-19 17:28:58,149 INFO kamernet: 17 Listings im HTML
2026-07-19 17:28:58,150 INFO kamernet: 17 Listings nach Filterung
2026-07-19 17:28:58,150 INFO Quelle 'kamernet': 17 Treffer, 0 neu
2026-07-19 17:29:00,886 INFO mghousing: API lieferte 44 Objekte
2026-07-19 17:29:00,886 INFO mghousing: 10 Objekte nach Filterung
2026-07-19 17:29:00,888 INFO Quelle 'mghousing': 10 Treffer, 0 neu
2026-07-19 17:29:20,955 WARNING Quelle 'wmm' nicht erreichbar: HTTPSConnectionPool(host='wmm.nl', port=443): Max retries exceeded with url: /en/offers (Caused by ConnectTimeoutError(<HTTPSConnection(host='wmm.nl', port=443) at 0x7feaa87c3ef0>, 'Connection to wmm.nl timed out. (connect timeout=20)'))
2026-07-19 17:29:21,592 INFO maasland: 7 Angebote
2026-07-19 17:29:21,592 INFO Quelle 'maasland': 7 Treffer, 0 neu
2026-07-19 17:29:22,675 INFO immoweb: 40 Angebote
2026-07-19 17:29:22,676 INFO Quelle 'immoweb': 40 Treffer, 0 neu
2026-07-19 17:29:22,676 INFO Lauf beendet: 74 Treffer gesamt, 0 neu gesamt
2026-07-19 18:32:58,529 WARNING Quelle 'huurwoningen' nicht erreichbar: 403 Client Error: Forbidden for url: https://www.huurwoningen.nl/en/in/maastricht/
2026-07-19 18:32:59,339 INFO kamernet: 17 Listings im HTML
2026-07-19 18:32:59,339 INFO kamernet: 17 Listings nach Filterung
2026-07-19 18:32:59,340 INFO Quelle 'kamernet': 17 Treffer, 0 neu
2026-07-19 18:33:02,086 INFO mghousing: API lieferte 44 Objekte
2026-07-19 18:33:02,087 INFO mghousing: 10 Objekte nach Filterung
2026-07-19 18:33:02,088 INFO Quelle 'mghousing': 10 Treffer, 0 neu
2026-07-19 18:33:02,888 INFO wmm: 10 Angebote
2026-07-19 18:33:02,888 INFO Quelle 'wmm': 10 Treffer, 0 neu
2026-07-19 18:33:03,508 INFO maasland: 7 Angebote
2026-07-19 18:33:03,508 INFO Quelle 'maasland': 7 Treffer, 0 neu
2026-07-19 18:33:04,453 INFO immoweb: 40 Angebote
2026-07-19 18:33:04,454 INFO Quelle 'immoweb': 40 Treffer, 0 neu
2026-07-19 18:33:04,454 INFO Lauf beendet: 84 Treffer gesamt, 0 neu gesamt
2026-07-19 19:49:15,496 WARNING Quelle 'huurwoningen' nicht erreichbar: 403 Client Error: Forbidden for url: https://www.huurwoningen.nl/en/in/maastricht/
2026-07-19 19:49:16,051 INFO kamernet: 17 Listings im HTML
2026-07-19 19:49:16,051 INFO kamernet: 17 Listings nach Filterung
2026-07-19 19:49:16,051 INFO Quelle 'kamernet': 17 Treffer, 0 neu
2026-07-19 19:49:18,291 INFO mghousing: API lieferte 44 Objekte
2026-07-19 19:49:18,291 INFO mghousing: 10 Objekte nach Filterung
2026-07-19 19:49:18,293 INFO Quelle 'mghousing': 10 Treffer, 0 neu
2026-07-19 19:49:38,336 WARNING Quelle 'wmm' nicht erreichbar: HTTPSConnectionPool(host='wmm.nl', port=443): Max retries exceeded with url: /en/offers (Caused by ConnectTimeoutError(<HTTPSConnection(host='wmm.nl', port=443) at 0x7f2aa185fc50>, 'Connection to wmm.nl timed out. (connect timeout=20)'))
2026-07-19 19:49:38,795 INFO maasland: 7 Angebote
2026-07-19 19:49:38,795 INFO Quelle 'maasland': 7 Treffer, 0 neu
2026-07-19 19:49:39,828 INFO immoweb: 40 Angebote
2026-07-19 19:49:39,829 INFO Quelle 'immoweb': 40 Treffer, 0 neu
2026-07-19 19:49:39,829 INFO Lauf beendet: 74 Treffer gesamt, 0 neu gesamt
2026-07-19 20:37:57,402 WARNING Quelle 'huurwoningen' nicht erreichbar: 403 Client Error: Forbidden for url: https://www.huurwoningen.nl/en/in/maastricht/
2026-07-19 20:38:07,743 WARNING Quelle 'kamernet' nicht erreichbar: 500 Server Error: Internal Server Error for url: https://kamernet.nl/en/for-rent/properties-maastricht
2026-07-19 20:38:11,822 INFO mghousing: API lieferte 44 Objekte
2026-07-19 20:38:11,823 INFO mghousing: 10 Objekte nach Filterung
2026-07-19 20:38:11,826 INFO Quelle 'mghousing': 10 Treffer, 0 neu
2026-07-19 20:38:31,864 WARNING Quelle 'wmm' nicht erreichbar: HTTPSConnectionPool(host='wmm.nl', port=443): Max retries exceeded with url: /en/offers (Caused by ConnectTimeoutError(<HTTPSConnection(host='wmm.nl', port=443) at 0x7f39e6234650>, 'Connection to wmm.nl timed out. (connect timeout=20)'))
2026-07-19 20:38:32,511 INFO maasland: 7 Angebote
2026-07-19 20:38:32,512 INFO Quelle 'maasland': 7 Treffer, 0 neu
2026-07-19 20:38:34,597 INFO immoweb: 40 Angebote
2026-07-19 20:38:34,598 INFO Quelle 'immoweb': 40 Treffer, 0 neu
2026-07-19 20:38:34,598 INFO Lauf beendet: 57 Treffer gesamt, 0 neu gesamt
2026-07-19 21:35:09,048 WARNING Quelle 'huurwoningen' nicht erreichbar: 403 Client Error: Forbidden for url: https://www.huurwoningen.nl/en/in/maastricht/
2026-07-19 21:35:09,723 INFO kamernet: 17 Listings im HTML
2026-07-19 21:35:09,723 INFO kamernet: 17 Listings nach Filterung
2026-07-19 21:35:12,128 INFO Gesendet: Koningsplein flat, Maastricht | €900 p.m. | https://kamernet.nl/en/for-rent/room-maastricht/koningsplein-flat/room-2390689
2026-07-19 21:35:12,128 INFO Quelle 'kamernet': 17 Treffer, 1 neu
2026-07-19 21:35:14,609 INFO mghousing: API lieferte 44 Objekte
2026-07-19 21:35:14,609 INFO mghousing: 10 Objekte nach Filterung
2026-07-19 21:35:14,611 INFO Quelle 'mghousing': 10 Treffer, 0 neu
2026-07-19 21:35:34,651 WARNING Quelle 'wmm' nicht erreichbar: HTTPSConnectionPool(host='wmm.nl', port=443): Max retries exceeded with url: /en/offers (Caused by ConnectTimeoutError(<HTTPSConnection(host='wmm.nl', port=443) at 0x7fcbd069baa0>, 'Connection to wmm.nl timed out. (connect timeout=20)'))
2026-07-19 21:35:35,143 INFO maasland: 7 Angebote
2026-07-19 21:35:35,144 INFO Quelle 'maasland': 7 Treffer, 0 neu
2026-07-19 21:35:36,122 INFO immoweb: 40 Angebote
2026-07-19 21:35:36,123 INFO Quelle 'immoweb': 40 Treffer, 0 neu
2026-07-19 21:35:36,123 INFO Lauf beendet: 74 Treffer gesamt, 1 neu gesamt
2026-07-19 22:33:02,236 WARNING Quelle 'huurwoningen' nicht erreichbar: 403 Client Error: Forbidden for url: https://www.huurwoningen.nl/en/in/maastricht/
2026-07-19 22:33:03,186 INFO kamernet: 17 Listings im HTML
2026-07-19 22:33:03,187 INFO kamernet: 17 Listings nach Filterung
2026-07-19 22:33:03,187 INFO Quelle 'kamernet': 17 Treffer, 0 neu
2026-07-19 22:33:05,460 INFO mghousing: API lieferte 44 Objekte
2026-07-19 22:33:05,460 INFO mghousing: 10 Objekte nach Filterung
2026-07-19 22:33:05,462 INFO Quelle 'mghousing': 10 Treffer, 0 neu
2026-07-19 22:33:25,504 WARNING Quelle 'wmm' nicht erreichbar: HTTPSConnectionPool(host='wmm.nl', port=443): Max retries exceeded with url: /en/offers (Caused by ConnectTimeoutError(<HTTPSConnection(host='wmm.nl', port=443) at 0x7f19ff2a3ce0>, 'Connection to wmm.nl timed out. (connect timeout=20)'))
2026-07-19 22:33:25,940 INFO maasland: 7 Angebote
2026-07-19 22:33:25,940 INFO Quelle 'maasland': 7 Treffer, 0 neu
2026-07-19 22:33:26,923 INFO immoweb: 40 Angebote
2026-07-19 22:33:26,924 INFO Quelle 'immoweb': 40 Treffer, 0 neu
2026-07-19 22:33:26,925 INFO Lauf beendet: 74 Treffer gesamt, 0 neu gesamt
2026-07-19 23:36:24,783 WARNING Quelle 'huurwoningen' nicht erreichbar: 403 Client Error: Forbidden for url: https://www.huurwoningen.nl/en/in/maastricht/
2026-07-19 23:36:25,542 INFO kamernet: 17 Listings im HTML
2026-07-19 23:36:25,542 INFO kamernet: 17 Listings nach Filterung
2026-07-19 23:36:25,542 INFO Quelle 'kamernet': 17 Treffer, 0 neu
2026-07-19 23:36:28,023 INFO mghousing: API lieferte 44 Objekte
2026-07-19 23:36:28,023 INFO mghousing: 10 Objekte nach Filterung
2026-07-19 23:36:28,025 INFO Quelle 'mghousing': 10 Treffer, 0 neu
2026-07-19 23:36:48,076 WARNING Quelle 'wmm' nicht erreichbar: HTTPSConnectionPool(host='wmm.nl', port=443): Max retries exceeded with url: /en/offers (Caused by ConnectTimeoutError(<HTTPSConnection(host='wmm.nl', port=443) at 0x7f547c18bc50>, 'Connection to wmm.nl timed out. (connect timeout=20)'))
2026-07-19 23:36:48,578 INFO maasland: 7 Angebote
2026-07-19 23:36:48,579 INFO Quelle 'maasland': 7 Treffer, 0 neu
2026-07-19 23:36:49,346 INFO immoweb: 40 Angebote
2026-07-19 23:36:49,347 INFO Quelle 'immoweb': 40 Treffer, 0 neu
2026-07-19 23:36:49,347 INFO Lauf beendet: 74 Treffer gesamt, 0 neu gesamt
2026-07-20 01:13:16,005 WARNING Quelle 'huurwoningen' nicht erreichbar: 403 Client Error: Forbidden for url: https://www.huurwoningen.nl/en/in/maastricht/
2026-07-20 01:13:16,587 INFO kamernet: 17 Listings im HTML
2026-07-20 01:13:16,587 INFO kamernet: 17 Listings nach Filterung
2026-07-20 01:13:16,588 INFO Quelle 'kamernet': 17 Treffer, 0 neu
2026-07-20 01:13:20,291 INFO mghousing: API lieferte 44 Objekte
2026-07-20 01:13:20,291 INFO mghousing: 10 Objekte nach Filterung
2026-07-20 01:13:20,293 INFO Quelle 'mghousing': 10 Treffer, 0 neu
2026-07-20 01:13:40,334 WARNING Quelle 'wmm' nicht erreichbar: HTTPSConnectionPool(host='wmm.nl', port=443): Max retries exceeded with url: /en/offers (Caused by ConnectTimeoutError(<HTTPSConnection(host='wmm.nl', port=443) at 0x7f17fb2f3d70>, 'Connection to wmm.nl timed out. (connect timeout=20)'))
2026-07-20 01:13:40,935 INFO maasland: 6 Angebote
2026-07-20 01:13:40,936 INFO Quelle 'maasland': 6 Treffer, 0 neu
2026-07-20 01:13:41,994 INFO immoweb: 40 Angebote
2026-07-20 01:13:41,995 INFO Quelle 'immoweb': 40 Treffer, 0 neu
2026-07-20 01:13:41,995 INFO Lauf beendet: 73 Treffer gesamt, 0 neu gesamt
2026-07-20 04:56:07,827 WARNING Quelle 'huurwoningen' nicht erreichbar: 403 Client Error: Forbidden for url: https://www.huurwoningen.nl/en/in/maastricht/
2026-07-20 04:56:08,377 INFO kamernet: 17 Listings im HTML
2026-07-20 04:56:08,377 INFO kamernet: 17 Listings nach Filterung
2026-07-20 04:56:08,378 INFO Quelle 'kamernet': 17 Treffer, 0 neu
2026-07-20 04:56:11,733 INFO mghousing: API lieferte 44 Objekte
2026-07-20 04:56:11,733 INFO mghousing: 10 Objekte nach Filterung
2026-07-20 04:56:11,735 INFO Quelle 'mghousing': 10 Treffer, 0 neu
2026-07-20 04:56:12,400 INFO wmm: 10 Angebote
2026-07-20 04:56:12,400 INFO Quelle 'wmm': 10 Treffer, 0 neu
2026-07-20 04:56:13,007 INFO maasland: 6 Angebote
2026-07-20 04:56:13,007 INFO Quelle 'maasland': 6 Treffer, 0 neu
2026-07-20 04:56:14,040 INFO immoweb: 40 Angebote
2026-07-20 04:56:14,041 INFO Quelle 'immoweb': 40 Treffer, 0 neu
2026-07-20 04:56:14,041 INFO Lauf beendet: 83 Treffer gesamt, 0 neu gesamt
2026-07-20 08:12:53,861 WARNING Quelle 'huurwoningen' nicht erreichbar: 403 Client Error: Forbidden for url: https://www.huurwoningen.nl/en/in/maastricht/
2026-07-20 08:12:55,111 INFO kamernet: 17 Listings im HTML
2026-07-20 08:12:55,111 INFO kamernet: 17 Listings nach Filterung
2026-07-20 08:12:57,865 INFO Gesendet: Brusselsestraat, Maastricht | €1.395 p.m. | https://kamernet.nl/en/for-rent/apartment-maastricht/brusselsestraat/apartment-2393936
2026-07-20 08:12:57,866 INFO Quelle 'kamernet': 17 Treffer, 1 neu
2026-07-20 08:13:00,822 INFO mghousing: API lieferte 44 Objekte
2026-07-20 08:13:00,823 INFO mghousing: 10 Objekte nach Filterung
2026-07-20 08:13:00,824 INFO Quelle 'mghousing': 10 Treffer, 0 neu
2026-07-20 08:13:20,880 WARNING Quelle 'wmm' nicht erreichbar: HTTPSConnectionPool(host='wmm.nl', port=443): Max retries exceeded with url: /en/offers (Caused by ConnectTimeoutError(<HTTPSConnection(host='wmm.nl', port=443) at 0x7f11ba47d550>, 'Connection to wmm.nl timed out. (connect timeout=20)'))
2026-07-20 08:13:21,493 INFO maasland: 6 Angebote
2026-07-20 08:13:21,493 INFO Quelle 'maasland': 6 Treffer, 0 neu
2026-07-20 08:13:22,694 INFO immoweb: 40 Angebote
2026-07-20 08:13:22,694 INFO Quelle 'immoweb': 40 Treffer, 0 neu
2026-07-20 08:13:22,695 INFO Lauf beendet: 73 Treffer gesamt, 1 neu gesamt
2026-07-20 11:16:38,116 WARNING Quelle 'huurwoningen' nicht erreichbar: 403 Client Error: Forbidden for url: https://www.huurwoningen.nl/en/in/maastricht/
2026-07-20 11:16:39,115 INFO kamernet: 17 Listings im HTML
2026-07-20 11:16:39,115 INFO kamernet: 17 Listings nach Filterung
2026-07-20 11:16:39,116 INFO Quelle 'kamernet': 17 Treffer, 0 neu
2026-07-20 11:16:41,586 INFO mghousing: API lieferte 35 Objekte
2026-07-20 11:16:41,586 INFO mghousing: 8 Objekte nach Filterung
2026-07-20 11:16:44,073 INFO Gesendet: Scharnerweg 37 | €885 p.m. | https://mghousing.nl/en/listings/rentals/6a5df1a6a3c00c760a1c720e
2026-07-20 11:16:44,073 INFO Quelle 'mghousing': 8 Treffer, 1 neu
2026-07-20 11:17:04,123 WARNING Quelle 'wmm' nicht erreichbar: HTTPSConnectionPool(host='wmm.nl', port=443): Max retries exceeded with url: /en/offers (Caused by ConnectTimeoutError(<HTTPSConnection(host='wmm.nl', port=443) at 0x7f95c3e2cfe0>, 'Connection to wmm.nl timed out. (connect timeout=20)'))
2026-07-20 11:17:04,684 INFO maasland: 6 Angebote
2026-07-20 11:17:04,684 INFO Quelle 'maasland': 6 Treffer, 0 neu
2026-07-20 11:17:05,927 INFO immoweb: 39 Angebote
2026-07-20 11:17:08,376 INFO Gesendet: Maastrichtersteenweg, 3770 Riemst | €785 p.m. | https://www.immoweb.be/en/classified/21721741
2026-07-20 11:17:08,376 INFO Quelle 'immoweb': 39 Treffer, 1 neu
2026-07-20 11:17:08,376 INFO Lauf beendet: 70 Treffer gesamt, 2 neu gesamt
2026-07-20 13:21:17,965 WARNING Quelle 'huurwoningen' nicht erreichbar: 403 Client Error: Forbidden for url: https://www.huurwoningen.nl/en/in/maastricht/
2026-07-20 13:21:19,089 INFO kamernet: 17 Listings im HTML
2026-07-20 13:21:19,090 INFO kamernet: 17 Listings nach Filterung
2026-07-20 13:21:19,090 INFO Quelle 'kamernet': 17 Treffer, 0 neu
2026-07-20 13:21:22,250 INFO mghousing: API lieferte 35 Objekte
2026-07-20 13:21:22,250 INFO mghousing: 8 Objekte nach Filterung
2026-07-20 13:21:22,251 INFO Quelle 'mghousing': 8 Treffer, 0 neu
2026-07-20 13:21:23,039 INFO wmm: 15 Angebote
2026-07-20 13:21:25,463 INFO Gesendet: Akerstraat 11, Maastricht | €741,84 / month (incl.) | https://wmm.nl/en/offers/maastricht/akerstraat-11/9115
2026-07-20 13:21:27,664 INFO Gesendet: Alexander Battalaan 8, Maastricht | €670,69 / month (incl.) | https://wmm.nl/en/offers/maastricht/alexander-battalaan-8/8430
2026-07-20 13:21:29,843 INFO Gesendet: Statensingel 173, Maastricht | €623,90 / month (incl.) | https://wmm.nl/en/offers/maastricht/statensingel-173/8468
2026-07-20 13:21:32,127 INFO Gesendet: Statensingel 18, Maastricht | €623,90 / month (incl.) | https://wmm.nl/en/offers/maastricht/statensingel-18/9086
2026-07-20 13:21:34,326 INFO Gesendet: Statensingel 20, Maastricht | €819,91 / month (incl.) | https://wmm.nl/en/offers/maastricht/statensingel-20/8535
2026-07-20 13:21:34,326 INFO Quelle 'wmm': 15 Treffer, 5 neu
2026-07-20 13:21:35,222 INFO maasland: 6 Angebote
2026-07-20 13:21:35,222 INFO Quelle 'maasland': 6 Treffer, 0 neu
2026-07-20 13:21:36,622 INFO immoweb: 39 Angebote
2026-07-20 13:21:36,623 INFO Quelle 'immoweb': 39 Treffer, 0 neu
2026-07-20 13:21:36,623 INFO Lauf beendet: 85 Treffer gesamt, 5 neu gesamt
2026-07-20 15:27:14,795 WARNING Quelle 'huurwoningen' nicht erreichbar: 403 Client Error: Forbidden for url: https://www.huurwoningen.nl/en/in/maastricht/
2026-07-20 15:27:15,791 INFO kamernet: 17 Listings im HTML
2026-07-20 15:27:15,792 INFO kamernet: 17 Listings nach Filterung
2026-07-20 15:27:15,792 INFO Quelle 'kamernet': 17 Treffer, 0 neu
2026-07-20 15:27:18,651 INFO mghousing: API lieferte 35 Objekte
2026-07-20 15:27:18,651 INFO mghousing: 8 Objekte nach Filterung
2026-07-20 15:27:18,653 INFO Quelle 'mghousing': 8 Treffer, 0 neu
2026-07-20 15:27:19,434 INFO wmm: 15 Angebote
2026-07-20 15:27:19,434 INFO Quelle 'wmm': 15 Treffer, 0 neu
2026-07-20 15:27:19,992 INFO maasland: 6 Angebote
2026-07-20 15:27:19,993 INFO Quelle 'maasland': 6 Treffer, 0 neu
2026-07-20 15:27:21,380 INFO immoweb: 39 Angebote
2026-07-20 15:27:21,381 INFO Quelle 'immoweb': 39 Treffer, 0 neu
2026-07-20 15:27:21,381 INFO Lauf beendet: 85 Treffer gesamt, 0 neu gesamt
2026-07-20 17:03:05,767 WARNING Quelle 'huurwoningen' nicht erreichbar: 403 Client Error: Forbidden for url: https://www.huurwoningen.nl/en/in/maastricht/
2026-07-20 17:03:06,844 INFO kamernet: 17 Listings im HTML
2026-07-20 17:03:06,844 INFO kamernet: 17 Listings nach Filterung
2026-07-20 17:03:06,845 INFO Quelle 'kamernet': 17 Treffer, 0 neu
2026-07-20 17:03:09,863 INFO mghousing: API lieferte 35 Objekte
2026-07-20 17:03:09,864 INFO mghousing: 8 Objekte nach Filterung
2026-07-20 17:03:09,865 INFO Quelle 'mghousing': 8 Treffer, 0 neu
2026-07-20 17:03:10,548 INFO wmm: 15 Angebote
2026-07-20 17:03:10,548 INFO Quelle 'wmm': 15 Treffer, 0 neu
2026-07-20 17:03:11,182 INFO maasland: 6 Angebote
2026-07-20 17:03:11,182 INFO Quelle 'maasland': 6 Treffer, 0 neu
2026-07-20 17:03:12,340 INFO immoweb: 39 Angebote
2026-07-20 17:03:12,341 INFO Quelle 'immoweb': 39 Treffer, 0 neu
2026-07-20 17:03:12,341 INFO Lauf beendet: 85 Treffer gesamt, 0 neu gesamt
2026-07-20 19:05:19,692 WARNING Quelle 'huurwoningen' nicht erreichbar: 403 Client Error: Forbidden for url: https://www.huurwoningen.nl/en/in/maastricht/
2026-07-20 19:05:20,860 INFO kamernet: 17 Listings im HTML
2026-07-20 19:05:20,860 INFO kamernet: 17 Listings nach Filterung
2026-07-20 19:05:23,553 INFO Gesendet: Tongerseweg, Maastricht | €995 p.m. | https://kamernet.nl/en/for-rent/studio-maastricht/tongerseweg/studio-2394226
2026-07-20 19:05:23,554 INFO Quelle 'kamernet': 17 Treffer, 1 neu
2026-07-20 19:05:26,559 INFO mghousing: API lieferte 35 Objekte
2026-07-20 19:05:26,560 INFO mghousing: 8 Objekte nach Filterung
2026-07-20 19:05:26,561 INFO Quelle 'mghousing': 8 Treffer, 0 neu
2026-07-20 19:05:46,625 WARNING Quelle 'wmm' nicht erreichbar: HTTPSConnectionPool(host='wmm.nl', port=443): Max retries exceeded with url: /en/offers (Caused by ConnectTimeoutError(<HTTPSConnection(host='wmm.nl', port=443) at 0x7faaff6cfbf0>, 'Connection to wmm.nl timed out. (connect timeout=20)'))
2026-07-20 19:05:47,290 INFO maasland: 6 Angebote
2026-07-20 19:05:47,290 INFO Quelle 'maasland': 6 Treffer, 0 neu
2026-07-20 19:05:48,963 INFO immoweb: 39 Angebote
2026-07-20 19:05:48,963 INFO Quelle 'immoweb': 39 Treffer, 0 neu
2026-07-20 19:05:48,963 INFO Lauf beendet: 70 Treffer gesamt, 1 neu gesamt
2026-07-20 20:39:37,028 WARNING Quelle 'huurwoningen' nicht erreichbar: 403 Client Error: Forbidden for url: https://www.huurwoningen.nl/en/in/maastricht/
2026-07-20 20:39:37,827 INFO kamernet: 17 Listings im HTML
2026-07-20 20:39:37,827 INFO kamernet: 17 Listings nach Filterung
2026-07-20 20:39:37,827 INFO Quelle 'kamernet': 17 Treffer, 0 neu
2026-07-20 20:39:40,636 INFO mghousing: API lieferte 35 Objekte
2026-07-20 20:39:40,637 INFO mghousing: 8 Objekte nach Filterung
2026-07-20 20:39:40,638 INFO Quelle 'mghousing': 8 Treffer, 0 neu
2026-07-20 20:39:41,370 INFO wmm: 15 Angebote
2026-07-20 20:39:41,371 INFO Quelle 'wmm': 15 Treffer, 0 neu
2026-07-20 20:39:41,862 INFO maasland: 6 Angebote
2026-07-20 20:39:41,863 INFO Quelle 'maasland': 6 Treffer, 0 neu
2026-07-20 20:39:42,916 INFO immoweb: 39 Angebote
2026-07-20 20:39:42,917 INFO Quelle 'immoweb': 39 Treffer, 0 neu
2026-07-20 20:39:42,917 INFO Lauf beendet: 85 Treffer gesamt, 0 neu gesamt
2026-07-20 21:49:27,483 WARNING Quelle 'huurwoningen' nicht erreichbar: 403 Client Error: Forbidden for url: https://www.huurwoningen.nl/en/in/maastricht/
2026-07-20 21:49:28,627 INFO kamernet: 17 Listings im HTML
2026-07-20 21:49:28,628 INFO kamernet: 17 Listings nach Filterung
2026-07-20 21:49:28,628 INFO Quelle 'kamernet': 17 Treffer, 0 neu
2026-07-20 21:49:31,730 INFO mghousing: API lieferte 35 Objekte
2026-07-20 21:49:31,731 INFO mghousing: 8 Objekte nach Filterung
2026-07-20 21:49:31,732 INFO Quelle 'mghousing': 8 Treffer, 0 neu
2026-07-20 21:49:32,360 INFO wmm: 15 Angebote
2026-07-20 21:49:32,360 INFO Quelle 'wmm': 15 Treffer, 0 neu
2026-07-20 21:49:32,919 INFO maasland: 6 Angebote
2026-07-20 21:49:32,919 INFO Quelle 'maasland': 6 Treffer, 0 neu
2026-07-20 21:49:33,980 INFO immoweb: 39 Angebote
2026-07-20 21:49:33,980 INFO Quelle 'immoweb': 39 Treffer, 0 neu
2026-07-20 21:49:33,980 INFO Lauf beendet: 85 Treffer gesamt, 0 neu gesamt
2026-07-20 22:46:14,704 WARNING Quelle 'huurwoningen' nicht erreichbar: 403 Client Error: Forbidden for url: https://www.huurwoningen.nl/en/in/maastricht/
2026-07-20 22:46:15,408 INFO kamernet: 17 Listings im HTML
2026-07-20 22:46:15,409 INFO kamernet: 17 Listings nach Filterung
2026-07-20 22:46:15,409 INFO Quelle 'kamernet': 17 Treffer, 0 neu
2026-07-20 22:46:18,947 INFO mghousing: API lieferte 35 Objekte
2026-07-20 22:46:18,947 INFO mghousing: 8 Objekte nach Filterung
2026-07-20 22:46:18,949 INFO Quelle 'mghousing': 8 Treffer, 0 neu
2026-07-20 22:46:19,691 INFO wmm: 15 Angebote
2026-07-20 22:46:19,692 INFO Quelle 'wmm': 15 Treffer, 0 neu
2026-07-20 22:46:20,378 INFO maasland: 6 Angebote
2026-07-20 22:46:20,379 INFO Quelle 'maasland': 6 Treffer, 0 neu
2026-07-20 22:46:21,184 INFO immoweb: 39 Angebote
2026-07-20 22:46:21,185 INFO Quelle 'immoweb': 39 Treffer, 0 neu
2026-07-20 22:46:21,185 INFO Lauf beendet: 85 Treffer gesamt, 0 neu gesamt
2026-07-20 23:43:35,265 WARNING Quelle 'huurwoningen' nicht erreichbar: 403 Client Error: Forbidden for url: https://www.huurwoningen.nl/en/in/maastricht/
2026-07-20 23:43:36,293 INFO kamernet: 17 Listings im HTML
2026-07-20 23:43:36,294 INFO kamernet: 17 Listings nach Filterung
2026-07-20 23:43:36,294 INFO Quelle 'kamernet': 17 Treffer, 0 neu
2026-07-20 23:43:38,094 INFO mghousing: API lieferte 35 Objekte
2026-07-20 23:43:38,094 INFO mghousing: 8 Objekte nach Filterung
2026-07-20 23:43:38,096 INFO Quelle 'mghousing': 8 Treffer, 0 neu
2026-07-20 23:43:58,130 WARNING Quelle 'wmm' nicht erreichbar: HTTPSConnectionPool(host='wmm.nl', port=443): Max retries exceeded with url: /en/offers (Caused by ConnectTimeoutError(<HTTPSConnection(host='wmm.nl', port=443) at 0x7f6fb1833ce0>, 'Connection to wmm.nl timed out. (connect timeout=20)'))
2026-07-20 23:43:58,610 INFO maasland: 6 Angebote
2026-07-20 23:43:58,611 INFO Quelle 'maasland': 6 Treffer, 0 neu
2026-07-20 23:43:59,726 INFO immoweb: 39 Angebote
2026-07-20 23:43:59,727 INFO Quelle 'immoweb': 39 Treffer, 0 neu
2026-07-20 23:43:59,727 INFO Lauf beendet: 70 Treffer gesamt, 0 neu gesamt
2026-07-21 01:12:27,389 WARNING Quelle 'huurwoningen' nicht erreichbar: 403 Client Error: Forbidden for url: https://www.huurwoningen.nl/en/in/maastricht/
2026-07-21 01:12:28,480 INFO kamernet: 17 Listings im HTML
2026-07-21 01:12:28,481 INFO kamernet: 17 Listings nach Filterung
2026-07-21 01:12:28,481 INFO Quelle 'kamernet': 17 Treffer, 0 neu
2026-07-21 01:12:31,143 INFO mghousing: API lieferte 35 Objekte
2026-07-21 01:12:31,143 INFO mghousing: 8 Objekte nach Filterung
2026-07-21 01:12:31,145 INFO Quelle 'mghousing': 8 Treffer, 0 neu
2026-07-21 01:12:31,863 INFO wmm: 15 Angebote
2026-07-21 01:12:31,864 INFO Quelle 'wmm': 15 Treffer, 0 neu
2026-07-21 01:12:32,510 INFO maasland: 6 Angebote
2026-07-21 01:12:32,511 INFO Quelle 'maasland': 6 Treffer, 0 neu
2026-07-21 01:12:33,613 INFO immoweb: 39 Angebote
2026-07-21 01:12:33,614 INFO Quelle 'immoweb': 39 Treffer, 0 neu
2026-07-21 01:12:33,614 INFO Lauf beendet: 85 Treffer gesamt, 0 neu gesamt
2026-07-21 04:35:55,121 WARNING Quelle 'huurwoningen' nicht erreichbar: 403 Client Error: Forbidden for url: https://www.huurwoningen.nl/en/in/maastricht/
2026-07-21 04:35:56,671 INFO kamernet: 17 Listings im HTML
2026-07-21 04:35:56,672 INFO kamernet: 17 Listings nach Filterung
2026-07-21 04:35:56,672 INFO Quelle 'kamernet': 17 Treffer, 0 neu
2026-07-21 04:35:59,970 INFO mghousing: API lieferte 35 Objekte
2026-07-21 04:35:59,970 INFO mghousing: 8 Objekte nach Filterung
2026-07-21 04:35:59,971 INFO Quelle 'mghousing': 8 Treffer, 0 neu
2026-07-21 04:36:20,020 WARNING Quelle 'wmm' nicht erreichbar: HTTPSConnectionPool(host='wmm.nl', port=443): Max retries exceeded with url: /en/offers (Caused by ConnectTimeoutError(<HTTPSConnection(host='wmm.nl', port=443) at 0x7fa4ce5bfe60>, 'Connection to wmm.nl timed out. (connect timeout=20)'))
2026-07-21 04:36:20,673 INFO maasland: 5 Angebote
2026-07-21 04:36:20,673 INFO Quelle 'maasland': 5 Treffer, 0 neu
2026-07-21 04:36:21,901 INFO immoweb: 39 Angebote
2026-07-21 04:36:21,902 INFO Quelle 'immoweb': 39 Treffer, 0 neu
2026-07-21 04:36:21,902 INFO Lauf beendet: 69 Treffer gesamt, 0 neu gesamt
2026-07-21 07:18:55,920 WARNING Quelle 'huurwoningen' nicht erreichbar: 403 Client Error: Forbidden for url: https://www.huurwoningen.nl/en/in/maastricht/
2026-07-21 07:18:56,557 INFO kamernet: 17 Listings im HTML
2026-07-21 07:18:56,557 INFO kamernet: 17 Listings nach Filterung
2026-07-21 07:18:56,558 INFO Quelle 'kamernet': 17 Treffer, 0 neu
2026-07-21 07:18:58,826 INFO mghousing: API lieferte 35 Objekte
2026-07-21 07:18:58,827 INFO mghousing: 8 Objekte nach Filterung
2026-07-21 07:18:58,829 INFO Quelle 'mghousing': 8 Treffer, 0 neu
2026-07-21 07:19:03,322 INFO wmm: 15 Angebote
2026-07-21 07:19:03,323 INFO Quelle 'wmm': 15 Treffer, 0 neu
2026-07-21 07:19:03,798 INFO maasland: 5 Angebote
2026-07-21 07:19:03,799 INFO Quelle 'maasland': 5 Treffer, 0 neu
2026-07-21 07:19:04,985 INFO immoweb: 39 Angebote
2026-07-21 07:19:04,987 INFO Quelle 'immoweb': 39 Treffer, 0 neu
2026-07-21 07:19:04,987 INFO Lauf beendet: 84 Treffer gesamt, 0 neu gesamt
2026-07-21 09:57:19,203 WARNING Quelle 'huurwoningen' nicht erreichbar: 403 Client Error: Forbidden for url: https://www.huurwoningen.nl/en/in/maastricht/
2026-07-21 09:57:20,729 INFO kamernet: 17 Listings im HTML
2026-07-21 09:57:20,729 INFO kamernet: 17 Listings nach Filterung
2026-07-21 09:57:22,869 INFO Gesendet: Orleansstraat, Maastricht | €550 p.m. | https://kamernet.nl/en/for-rent/room-maastricht/orleansstraat/room-2394294
2026-07-21 09:57:24,810 INFO Gesendet: Bilserbaan, Maastricht | €1.250 p.m. | https://kamernet.nl/en/for-rent/apartment-maastricht/bilserbaan/apartment-2394292
2026-07-21 09:57:26,946 INFO Gesendet: Statensingel, Maastricht | €1.150 p.m. | https://kamernet.nl/en/for-rent/studio-maastricht/statensingel/studio-2394287
2026-07-21 09:57:28,877 INFO Gesendet: Meerssenerweg, Maastricht | €725 p.m. | https://kamernet.nl/en/for-rent/studio-maastricht/meerssenerweg/studio-2394184
2026-07-21 09:57:28,877 INFO Quelle 'kamernet': 17 Treffer, 4 neu
2026-07-21 09:57:30,524 INFO mghousing: API lieferte 35 Objekte
2026-07-21 09:57:30,524 INFO mghousing: 8 Objekte nach Filterung
2026-07-21 09:57:30,526 INFO Quelle 'mghousing': 8 Treffer, 0 neu
2026-07-21 09:57:50,545 WARNING Quelle 'wmm' nicht erreichbar: HTTPSConnectionPool(host='wmm.nl', port=443): Max retries exceeded with url: /en/offers (Caused by ConnectTimeoutError(<HTTPSConnection(host='wmm.nl', port=443) at 0x7f8f57ce7c20>, 'Connection to wmm.nl timed out. (connect timeout=20)'))
2026-07-21 09:57:50,956 INFO maasland: 5 Angebote
2026-07-21 09:57:50,957 INFO Quelle 'maasland': 5 Treffer, 0 neu
2026-07-21 09:57:51,899 INFO immoweb: 39 Angebote
2026-07-21 09:57:51,900 INFO Quelle 'immoweb': 39 Treffer, 0 neu
2026-07-21 09:57:51,900 INFO Lauf beendet: 69 Treffer gesamt, 4 neu gesamt
2026-07-21 11:54:33,788 WARNING Quelle 'huurwoningen' nicht erreichbar: 403 Client Error: Forbidden for url: https://www.huurwoningen.nl/en/in/maastricht/
2026-07-21 11:54:34,976 INFO kamernet: 17 Listings im HTML
2026-07-21 11:54:34,976 INFO kamernet: 17 Listings nach Filterung
2026-07-21 11:54:34,977 INFO Quelle 'kamernet': 17 Treffer, 0 neu
2026-07-21 11:54:37,580 INFO mghousing: API lieferte 35 Objekte
2026-07-21 11:54:37,580 INFO mghousing: 7 Objekte nach Filterung
2026-07-21 11:54:37,582 INFO Quelle 'mghousing': 7 Treffer, 0 neu
2026-07-21 11:54:38,321 INFO wmm: 19 Angebote
2026-07-21 11:54:41,623 INFO Gesendet: Bourgognestraat 68, Maastricht | €626,73 / month (incl.) | https://wmm.nl/en/offers/maastricht/bourgognestraat-68/7244
2026-07-21 11:54:44,165 INFO Gesendet: Wycker Grachtstraat 46, Maastricht | €509,52 / month (incl.) | https://wmm.nl/en/offers/maastricht/wycker-grachtstraat-46/8158
2026-07-21 11:54:46,520 INFO Gesendet: Alexander Battalaan 8, Maastricht | €647,23 / month (incl.) | https://wmm.nl/en/offers/maastricht/alexander-battalaan-8/8436
2026-07-21 11:54:49,130 INFO Gesendet: Sint Maartenslaan 4, Maastricht | €797,59 / month (incl.) | https://wmm.nl/en/offers/maastricht/sint-maartenslaan-4/8561
2026-07-21 11:54:49,131 INFO Quelle 'wmm': 19 Treffer, 4 neu
2026-07-21 11:54:49,739 INFO maasland: 5 Angebote
2026-07-21 11:54:49,740 INFO Quelle 'maasland': 5 Treffer, 0 neu
2026-07-21 11:54:51,592 INFO immoweb: 39 Angebote
2026-07-21 11:54:51,593 INFO Quelle 'immoweb': 39 Treffer, 0 neu
2026-07-21 11:54:51,593 INFO Lauf beendet: 87 Treffer gesamt, 4 neu gesamt
2026-07-21 14:02:33,703 WARNING Quelle 'huurwoningen' nicht erreichbar: 403 Client Error: Forbidden for url: https://www.huurwoningen.nl/en/in/maastricht/
2026-07-21 14:02:34,486 INFO kamernet: 17 Listings im HTML
2026-07-21 14:02:34,486 INFO kamernet: 17 Listings nach Filterung
2026-07-21 14:02:34,487 INFO Quelle 'kamernet': 17 Treffer, 0 neu
2026-07-21 14:02:36,105 INFO mghousing: API lieferte 35 Objekte
2026-07-21 14:02:36,105 INFO mghousing: 7 Objekte nach Filterung
2026-07-21 14:02:36,106 INFO Quelle 'mghousing': 7 Treffer, 0 neu
2026-07-21 14:02:56,146 WARNING Quelle 'wmm' nicht erreichbar: HTTPSConnectionPool(host='wmm.nl', port=443): Max retries exceeded with url: /en/offers (Caused by ConnectTimeoutError(<HTTPSConnection(host='wmm.nl', port=443) at 0x7fef60b43c80>, 'Connection to wmm.nl timed out. (connect timeout=20)'))
2026-07-21 14:02:56,643 INFO maasland: 5 Angebote
2026-07-21 14:02:56,643 INFO Quelle 'maasland': 5 Treffer, 0 neu
2026-07-21 14:02:57,669 INFO immoweb: 39 Angebote
2026-07-21 14:02:57,669 INFO Quelle 'immoweb': 39 Treffer, 0 neu
2026-07-21 14:02:57,669 INFO Lauf beendet: 68 Treffer gesamt, 0 neu gesamt
2026-07-21 15:51:22,396 WARNING Quelle 'huurwoningen' nicht erreichbar: 403 Client Error: Forbidden for url: https://www.huurwoningen.nl/en/in/maastricht/
2026-07-21 15:51:23,469 INFO kamernet: 17 Listings im HTML
2026-07-21 15:51:23,469 INFO kamernet: 17 Listings nach Filterung
2026-07-21 15:51:25,959 INFO Gesendet: Franquinetstraat, Maastricht | €525 p.m. | https://kamernet.nl/en/for-rent/room-maastricht/franquinetstraat/room-2394435
2026-07-21 15:51:25,959 INFO Quelle 'kamernet': 17 Treffer, 1 neu
2026-07-21 15:51:28,756 INFO mghousing: API lieferte 35 Objekte
2026-07-21 15:51:28,756 INFO mghousing: 7 Objekte nach Filterung
2026-07-21 15:51:28,758 INFO Quelle 'mghousing': 7 Treffer, 0 neu
2026-07-21 15:51:29,624 INFO wmm: 18 Angebote
2026-07-21 15:51:31,965 INFO Gesendet: Parallelweg 39, Maastricht | €795,00 / month (incl.) | https://wmm.nl/en/offers/maastricht/parallelweg-39/7266
2026-07-21 15:51:31,966 INFO Quelle 'wmm': 18 Treffer, 1 neu
2026-07-21 15:51:32,632 INFO maasland: 5 Angebote
2026-07-21 15:51:32,632 INFO Quelle 'maasland': 5 Treffer, 0 neu
2026-07-21 15:51:33,639 INFO immoweb: 39 Angebote
2026-07-21 15:51:33,640 INFO Quelle 'immoweb': 39 Treffer, 0 neu
2026-07-21 15:51:33,640 INFO Lauf beendet: 86 Treffer gesamt, 2 neu gesamt
2026-07-21 17:12:46,074 WARNING Quelle 'huurwoningen' nicht erreichbar: 403 Client Error: Forbidden for url: https://www.huurwoningen.nl/en/in/maastricht/
2026-07-21 17:12:46,987 INFO kamernet: 17 Listings im HTML
2026-07-21 17:12:46,988 INFO kamernet: 17 Listings nach Filterung
2026-07-21 17:12:46,988 INFO Quelle 'kamernet': 17 Treffer, 0 neu
2026-07-21 17:12:50,173 INFO mghousing: API lieferte 35 Objekte
2026-07-21 17:12:50,173 INFO mghousing: 7 Objekte nach Filterung
2026-07-21 17:12:50,175 INFO Quelle 'mghousing': 7 Treffer, 0 neu
2026-07-21 17:13:10,211 WARNING Quelle 'wmm' nicht erreichbar: HTTPSConnectionPool(host='wmm.nl', port=443): Max retries exceeded with url: /en/offers (Caused by ConnectTimeoutError(<HTTPSConnection(host='wmm.nl', port=443) at 0x7f4596783b30>, 'Connection to wmm.nl timed out. (connect timeout=20)'))
2026-07-21 17:13:10,861 INFO maasland: 5 Angebote
2026-07-21 17:13:10,862 INFO Quelle 'maasland': 5 Treffer, 0 neu
2026-07-21 17:13:11,830 INFO immoweb: 39 Angebote
2026-07-21 17:13:11,830 INFO Quelle 'immoweb': 39 Treffer, 0 neu
2026-07-21 17:13:11,831 INFO Lauf beendet: 68 Treffer gesamt, 0 neu gesamt
2026-07-21 18:43:25,513 WARNING Quelle 'huurwoningen' nicht erreichbar: 403 Client Error: Forbidden for url: https://www.huurwoningen.nl/en/in/maastricht/
2026-07-21 18:43:26,091 INFO kamernet: 17 Listings im HTML
2026-07-21 18:43:26,092 INFO kamernet: 17 Listings nach Filterung
2026-07-21 18:43:26,092 INFO Quelle 'kamernet': 17 Treffer, 0 neu
2026-07-21 18:43:28,949 INFO mghousing: API lieferte 35 Objekte
2026-07-21 18:43:28,950 INFO mghousing: 7 Objekte nach Filterung
2026-07-21 18:43:28,951 INFO Quelle 'mghousing': 7 Treffer, 0 neu
2026-07-21 18:43:29,606 INFO wmm: 17 Angebote
2026-07-21 18:43:29,606 INFO Quelle 'wmm': 17 Treffer, 0 neu
2026-07-21 18:43:30,185 INFO maasland: 5 Angebote
2026-07-21 18:43:30,185 INFO Quelle 'maasland': 5 Treffer, 0 neu
2026-07-21 18:43:31,453 INFO immoweb: 39 Angebote
2026-07-21 18:43:31,454 INFO Quelle 'immoweb': 39 Treffer, 0 neu
2026-07-21 18:43:31,454 INFO Lauf beendet: 85 Treffer gesamt, 0 neu gesamt
2026-07-21 20:07:42,568 WARNING Quelle 'huurwoningen' nicht erreichbar: 403 Client Error: Forbidden for url: https://www.huurwoningen.nl/en/in/maastricht/
2026-07-21 20:07:43,470 INFO kamernet: 17 Listings im HTML
2026-07-21 20:07:43,471 INFO kamernet: 17 Listings nach Filterung
2026-07-21 20:07:43,471 INFO Quelle 'kamernet': 17 Treffer, 0 neu
2026-07-21 20:07:46,199 INFO mghousing: API lieferte 35 Objekte
2026-07-21 20:07:46,200 INFO mghousing: 7 Objekte nach Filterung
2026-07-21 20:07:46,201 INFO Quelle 'mghousing': 7 Treffer, 0 neu
2026-07-21 20:08:06,236 WARNING Quelle 'wmm' nicht erreichbar: HTTPSConnectionPool(host='wmm.nl', port=443): Max retries exceeded with url: /en/offers (Caused by ConnectTimeoutError(<HTTPSConnection(host='wmm.nl', port=443) at 0x7f368421b860>, 'Connection to wmm.nl timed out. (connect timeout=20)'))
2026-07-21 20:08:06,793 INFO maasland: 5 Angebote
2026-07-21 20:08:06,793 INFO Quelle 'maasland': 5 Treffer, 0 neu
2026-07-21 20:08:08,000 INFO immoweb: 39 Angebote
2026-07-21 20:08:08,000 INFO Quelle 'immoweb': 39 Treffer, 0 neu
2026-07-21 20:08:08,001 INFO Lauf beendet: 68 Treffer gesamt, 0 neu gesamt
2026-07-21 21:32:44,392 WARNING Quelle 'huurwoningen' nicht erreichbar: 403 Client Error: Forbidden for url: https://www.huurwoningen.nl/en/in/maastricht/
2026-07-21 21:32:45,665 INFO kamernet: 17 Listings im HTML
2026-07-21 21:32:45,665 INFO kamernet: 17 Listings nach Filterung
2026-07-21 21:32:45,666 INFO Quelle 'kamernet': 17 Treffer, 0 neu
2026-07-21 21:32:47,589 INFO mghousing: API lieferte 35 Objekte
2026-07-21 21:32:47,589 INFO mghousing: 7 Objekte nach Filterung
2026-07-21 21:32:47,591 INFO Quelle 'mghousing': 7 Treffer, 0 neu
2026-07-21 21:33:07,639 WARNING Quelle 'wmm' nicht erreichbar: HTTPSConnectionPool(host='wmm.nl', port=443): Max retries exceeded with url: /en/offers (Caused by ConnectTimeoutError(<HTTPSConnection(host='wmm.nl', port=443) at 0x7fd091723ad0>, 'Connection to wmm.nl timed out. (connect timeout=20)'))
2026-07-21 21:33:08,107 INFO maasland: 5 Angebote
2026-07-21 21:33:08,107 INFO Quelle 'maasland': 5 Treffer, 0 neu
2026-07-21 21:33:09,140 INFO immoweb: 39 Angebote
2026-07-21 21:33:09,141 INFO Quelle 'immoweb': 39 Treffer, 0 neu
2026-07-21 21:33:09,141 INFO Lauf beendet: 68 Treffer gesamt, 0 neu gesamt
2026-07-21 22:32:44,509 WARNING Quelle 'huurwoningen' nicht erreichbar: 403 Client Error: Forbidden for url: https://www.huurwoningen.nl/en/in/maastricht/
2026-07-21 22:32:44,984 INFO kamernet: 17 Listings im HTML
2026-07-21 22:32:44,984 INFO kamernet: 17 Listings nach Filterung
2026-07-21 22:32:44,985 INFO Quelle 'kamernet': 17 Treffer, 0 neu
2026-07-21 22:32:48,030 INFO mghousing: API lieferte 35 Objekte
2026-07-21 22:32:48,030 INFO mghousing: 7 Objekte nach Filterung
2026-07-21 22:32:48,032 INFO Quelle 'mghousing': 7 Treffer, 0 neu
2026-07-21 22:32:48,759 INFO wmm: 17 Angebote
2026-07-21 22:32:48,760 INFO Quelle 'wmm': 17 Treffer, 0 neu
2026-07-21 22:32:49,380 INFO maasland: 5 Angebote
2026-07-21 22:32:49,381 INFO Quelle 'maasland': 5 Treffer, 0 neu
2026-07-21 22:32:50,200 INFO immoweb: 39 Angebote
2026-07-21 22:32:50,200 INFO Quelle 'immoweb': 39 Treffer, 0 neu
2026-07-21 22:32:50,201 INFO Lauf beendet: 85 Treffer gesamt, 0 neu gesamt
2026-07-21 23:36:53,845 WARNING Quelle 'huurwoningen' nicht erreichbar: 403 Client Error: Forbidden for url: https://www.huurwoningen.nl/en/in/maastricht/
2026-07-21 23:36:54,390 INFO kamernet: 17 Listings im HTML
2026-07-21 23:36:54,390 INFO kamernet: 17 Listings nach Filterung
2026-07-21 23:36:54,390 INFO Quelle 'kamernet': 17 Treffer, 0 neu
2026-07-21 23:36:57,310 INFO mghousing: API lieferte 35 Objekte
2026-07-21 23:36:57,311 INFO mghousing: 7 Objekte nach Filterung
2026-07-21 23:36:57,312 INFO Quelle 'mghousing': 7 Treffer, 0 neu
2026-07-21 23:37:17,335 WARNING Quelle 'wmm' nicht erreichbar: HTTPSConnectionPool(host='wmm.nl', port=443): Max retries exceeded with url: /en/offers (Caused by ConnectTimeoutError(<HTTPSConnection(host='wmm.nl', port=443) at 0x7f3ef527fb30>, 'Connection to wmm.nl timed out. (connect timeout=20)'))
2026-07-21 23:37:17,960 INFO maasland: 5 Angebote
2026-07-21 23:37:17,960 INFO Quelle 'maasland': 5 Treffer, 0 neu
2026-07-21 23:37:19,195 INFO immoweb: 39 Angebote
2026-07-21 23:37:19,196 INFO Quelle 'immoweb': 39 Treffer, 0 neu
2026-07-21 23:37:19,196 INFO Lauf beendet: 68 Treffer gesamt, 0 neu gesamt
2026-07-22 01:06:46,878 WARNING Quelle 'huurwoningen' nicht erreichbar: 403 Client Error: Forbidden for url: https://www.huurwoningen.nl/en/in/maastricht/
2026-07-22 01:06:48,039 INFO kamernet: 17 Listings im HTML
2026-07-22 01:06:48,039 INFO kamernet: 17 Listings nach Filterung
2026-07-22 01:06:48,039 INFO Quelle 'kamernet': 17 Treffer, 0 neu
2026-07-22 01:06:51,752 INFO mghousing: API lieferte 35 Objekte
2026-07-22 01:06:51,753 INFO mghousing: 7 Objekte nach Filterung
2026-07-22 01:06:51,755 INFO Quelle 'mghousing': 7 Treffer, 0 neu
2026-07-22 01:06:52,480 INFO wmm: 17 Angebote
2026-07-22 01:06:52,480 INFO Quelle 'wmm': 17 Treffer, 0 neu
2026-07-22 01:06:53,104 INFO maasland: 6 Angebote
2026-07-22 01:06:53,104 INFO Quelle 'maasland': 6 Treffer, 0 neu
2026-07-22 01:06:54,305 INFO immoweb: 39 Angebote
2026-07-22 01:06:54,306 INFO Quelle 'immoweb': 39 Treffer, 0 neu
2026-07-22 01:06:54,306 INFO Lauf beendet: 86 Treffer gesamt, 0 neu gesamt
2026-07-22 04:33:31,279 WARNING Quelle 'huurwoningen' nicht erreichbar: 403 Client Error: Forbidden for url: https://www.huurwoningen.nl/en/in/maastricht/
2026-07-22 04:33:32,258 INFO kamernet: 17 Listings im HTML
2026-07-22 04:33:32,258 INFO kamernet: 17 Listings nach Filterung
2026-07-22 04:33:32,259 INFO Quelle 'kamernet': 17 Treffer, 0 neu
2026-07-22 04:33:34,540 INFO mghousing: API lieferte 35 Objekte
2026-07-22 04:33:34,541 INFO mghousing: 7 Objekte nach Filterung
2026-07-22 04:33:34,542 INFO Quelle 'mghousing': 7 Treffer, 0 neu
2026-07-22 04:33:35,248 INFO wmm: 17 Angebote
2026-07-22 04:33:35,248 INFO Quelle 'wmm': 17 Treffer, 0 neu
2026-07-22 04:33:35,796 INFO maasland: 6 Angebote
2026-07-22 04:33:35,796 INFO Quelle 'maasland': 6 Treffer, 0 neu
2026-07-22 04:33:36,883 INFO immoweb: 39 Angebote
2026-07-22 04:33:36,884 INFO Quelle 'immoweb': 39 Treffer, 0 neu
2026-07-22 04:33:36,884 INFO Lauf beendet: 86 Treffer gesamt, 0 neu gesamt
2026-07-22 07:18:22,309 WARNING Quelle 'huurwoningen' nicht erreichbar: 403 Client Error: Forbidden for url: https://www.huurwoningen.nl/en/in/maastricht/
2026-07-22 07:18:23,748 INFO kamernet: 17 Listings im HTML
2026-07-22 07:18:23,748 INFO kamernet: 17 Listings nach Filterung
2026-07-22 07:18:23,749 INFO Quelle 'kamernet': 17 Treffer, 0 neu
2026-07-22 07:18:27,145 INFO mghousing: API lieferte 35 Objekte
2026-07-22 07:18:27,145 INFO mghousing: 7 Objekte nach Filterung
2026-07-22 07:18:27,147 INFO Quelle 'mghousing': 7 Treffer, 0 neu
2026-07-22 07:18:27,901 INFO wmm: 17 Angebote
2026-07-22 07:18:27,902 INFO Quelle 'wmm': 17 Treffer, 0 neu
2026-07-22 07:18:28,562 INFO maasland: 6 Angebote
2026-07-22 07:18:28,563 INFO Quelle 'maasland': 6 Treffer, 0 neu
2026-07-22 07:18:29,494 INFO immoweb: 39 Angebote
2026-07-22 07:18:29,495 INFO Quelle 'immoweb': 39 Treffer, 0 neu
2026-07-22 07:18:29,496 INFO Lauf beendet: 86 Treffer gesamt, 0 neu gesamt
2026-07-22 09:44:29,660 WARNING Quelle 'huurwoningen' nicht erreichbar: 403 Client Error: Forbidden for url: https://www.huurwoningen.nl/en/in/maastricht/
2026-07-22 09:44:30,582 INFO kamernet: 17 Listings im HTML
2026-07-22 09:44:30,582 INFO kamernet: 17 Listings nach Filterung
2026-07-22 09:44:30,583 INFO Quelle 'kamernet': 17 Treffer, 0 neu
2026-07-22 09:44:32,802 INFO mghousing: API lieferte 35 Objekte
2026-07-22 09:44:32,802 INFO mghousing: 7 Objekte nach Filterung
2026-07-22 09:44:32,804 INFO Quelle 'mghousing': 7 Treffer, 0 neu
2026-07-22 09:44:33,628 INFO wmm: 20 Angebote
2026-07-22 09:44:35,910 INFO Gesendet: Brusselseweg 391, Maastricht | €735,00 / month (incl.) | https://wmm.nl/en/offers/maastricht/brusselseweg-391/7809
2026-07-22 09:44:38,061 INFO Gesendet: Statensingel 173, Maastricht | €670,69 / month (incl.) | https://wmm.nl/en/offers/maastricht/statensingel-173/8443
2026-07-22 09:44:40,151 INFO Gesendet: Statensingel 16, Maastricht | €659,04 / month (incl.) | https://wmm.nl/en/offers/maastricht/statensingel-16/9100
2026-07-22 09:44:42,580 INFO Gesendet: Brusselsestraat 150, Maastricht | €525,58 / month (incl.) | https://wmm.nl/en/offers/maastricht/brusselsestraat-150/9541
2026-07-22 09:44:42,581 INFO Quelle 'wmm': 20 Treffer, 4 neu
2026-07-22 09:44:43,264 INFO maasland: 6 Angebote
2026-07-22 09:44:43,265 INFO Quelle 'maasland': 6 Treffer, 0 neu
2026-07-22 09:44:44,112 INFO immoweb: 39 Angebote
2026-07-22 09:44:44,113 INFO Quelle 'immoweb': 39 Treffer, 0 neu
2026-07-22 09:44:44,113 INFO Lauf beendet: 89 Treffer gesamt, 4 neu gesamt
2026-07-22 11:32:38,637 WARNING Quelle 'huurwoningen' nicht erreichbar: 403 Client Error: Forbidden for url: https://www.huurwoningen.nl/en/in/maastricht/
2026-07-22 11:32:39,718 INFO kamernet: 17 Listings im HTML
2026-07-22 11:32:39,718 INFO kamernet: 17 Listings nach Filterung
2026-07-22 11:32:39,719 INFO Quelle 'kamernet': 17 Treffer, 0 neu
2026-07-22 11:32:41,488 INFO mghousing: API lieferte 35 Objekte
2026-07-22 11:32:41,488 INFO mghousing: 7 Objekte nach Filterung
2026-07-22 11:32:41,490 INFO Quelle 'mghousing': 7 Treffer, 0 neu
2026-07-22 11:33:01,531 WARNING Quelle 'wmm' nicht erreichbar: HTTPSConnectionPool(host='wmm.nl', port=443): Max retries exceeded with url: /en/offers (Caused by ConnectTimeoutError(<HTTPSConnection(host='wmm.nl', port=443) at 0x7f888d1b3b60>, 'Connection to wmm.nl timed out. (connect timeout=20)'))
2026-07-22 11:33:02,133 INFO maasland: 6 Angebote
2026-07-22 11:33:02,134 INFO Quelle 'maasland': 6 Treffer, 0 neu
2026-07-22 11:33:03,524 INFO immoweb: 39 Angebote
2026-07-22 11:33:03,525 INFO Quelle 'immoweb': 39 Treffer, 0 neu
2026-07-22 11:33:03,525 INFO Lauf beendet: 69 Treffer gesamt, 0 neu gesamt
2026-07-22 13:08:38,207 WARNING Quelle 'huurwoningen' nicht erreichbar: 403 Client Error: Forbidden for url: https://www.huurwoningen.nl/en/in/maastricht/
2026-07-22 13:08:38,980 INFO kamernet: 17 Listings im HTML
2026-07-22 13:08:38,980 INFO kamernet: 17 Listings nach Filterung
2026-07-22 13:08:38,981 INFO Quelle 'kamernet': 17 Treffer, 0 neu
2026-07-22 13:08:40,910 INFO mghousing: API lieferte 35 Objekte
2026-07-22 13:08:40,911 INFO mghousing: 7 Objekte nach Filterung
2026-07-22 13:08:40,913 INFO Quelle 'mghousing': 7 Treffer, 0 neu
2026-07-22 13:08:41,512 INFO wmm: 22 Angebote
2026-07-22 13:08:43,746 INFO Gesendet: Franquinetstraat 6, Maastricht | €487,02 / month (incl.) | https://wmm.nl/en/offers/maastricht/franquinetstraat-6/8315
2026-07-22 13:08:45,882 INFO Gesendet: Scharnerweg 78, Maastricht | €755,00 / month (incl.) | https://wmm.nl/en/offers/maastricht/scharnerweg-78/9249
2026-07-22 13:08:45,883 INFO Quelle 'wmm': 22 Treffer, 2 neu
2026-07-22 13:08:46,355 INFO maasland: 6 Angebote
2026-07-22 13:08:46,355 INFO Quelle 'maasland': 6 Treffer, 0 neu
2026-07-22 13:08:47,536 INFO immoweb: 39 Angebote
2026-07-22 13:08:47,537 INFO Quelle 'immoweb': 39 Treffer, 0 neu
2026-07-22 13:08:47,537 INFO Lauf beendet: 91 Treffer gesamt, 2 neu gesamt
2026-07-22 15:17:20,371 WARNING Quelle 'huurwoningen' nicht erreichbar: 403 Client Error: Forbidden for url: https://www.huurwoningen.nl/en/in/maastricht/
2026-07-22 15:17:21,314 INFO kamernet: 17 Listings im HTML
2026-07-22 15:17:21,315 INFO kamernet: 17 Listings nach Filterung
2026-07-22 15:17:21,315 INFO Quelle 'kamernet': 17 Treffer, 0 neu
2026-07-22 15:17:24,659 INFO mghousing: API lieferte 35 Objekte
2026-07-22 15:17:24,659 INFO mghousing: 7 Objekte nach Filterung
2026-07-22 15:17:24,661 INFO Quelle 'mghousing': 7 Treffer, 0 neu
2026-07-22 15:17:25,435 INFO wmm: 22 Angebote
2026-07-22 15:17:25,435 INFO Quelle 'wmm': 22 Treffer, 0 neu
2026-07-22 15:17:26,189 INFO maasland: 6 Angebote
2026-07-22 15:17:26,189 INFO Quelle 'maasland': 6 Treffer, 0 neu
2026-07-22 15:17:27,730 INFO immoweb: 39 Angebote
2026-07-22 15:17:27,731 INFO Quelle 'immoweb': 39 Treffer, 0 neu
2026-07-22 15:17:27,731 INFO Lauf beendet: 91 Treffer gesamt, 0 neu gesamt
2026-07-22 16:53:08,065 WARNING Quelle 'huurwoningen' nicht erreichbar: 403 Client Error: Forbidden for url: https://www.huurwoningen.nl/en/in/maastricht/
2026-07-22 16:53:09,382 INFO kamernet: 17 Listings im HTML
2026-07-22 16:53:09,382 INFO kamernet: 17 Listings nach Filterung
2026-07-22 16:53:09,383 INFO Quelle 'kamernet': 17 Treffer, 0 neu
2026-07-22 16:53:11,219 INFO mghousing: API lieferte 35 Objekte
2026-07-22 16:53:11,220 INFO mghousing: 7 Objekte nach Filterung
2026-07-22 16:53:11,221 INFO Quelle 'mghousing': 7 Treffer, 0 neu
2026-07-22 16:53:31,257 WARNING Quelle 'wmm' nicht erreichbar: HTTPSConnectionPool(host='wmm.nl', port=443): Max retries exceeded with url: /en/offers (Caused by ConnectTimeoutError(<HTTPSConnection(host='wmm.nl', port=443) at 0x7f0ce67caea0>, 'Connection to wmm.nl timed out. (connect timeout=20)'))
2026-07-22 16:53:31,765 INFO maasland: 6 Angebote
2026-07-22 16:53:31,765 INFO Quelle 'maasland': 6 Treffer, 0 neu
2026-07-22 16:53:32,773 INFO immoweb: 39 Angebote
2026-07-22 16:53:32,774 INFO Quelle 'immoweb': 39 Treffer, 0 neu
2026-07-22 16:53:32,774 INFO Lauf beendet: 69 Treffer gesamt, 0 neu gesamt
2026-07-22 18:08:21,162 WARNING Quelle 'huurwoningen' nicht erreichbar: 403 Client Error: Forbidden for url: https://www.huurwoningen.nl/en/in/maastricht/
2026-07-22 18:08:21,982 INFO kamernet: 17 Listings im HTML
2026-07-22 18:08:21,983 INFO kamernet: 17 Listings nach Filterung
2026-07-22 18:08:21,983 INFO Quelle 'kamernet': 17 Treffer, 0 neu
2026-07-22 18:08:23,844 INFO mghousing: API lieferte 35 Objekte
2026-07-22 18:08:23,845 INFO mghousing: 7 Objekte nach Filterung
2026-07-22 18:08:23,847 INFO Quelle 'mghousing': 7 Treffer, 0 neu
2026-07-22 18:08:43,887 WARNING Quelle 'wmm' nicht erreichbar: HTTPSConnectionPool(host='wmm.nl', port=443): Max retries exceeded with url: /en/offers (Caused by ConnectTimeoutError(<HTTPSConnection(host='wmm.nl', port=443) at 0x7fb99dbbfad0>, 'Connection to wmm.nl timed out. (connect timeout=20)'))
2026-07-22 18:08:44,392 INFO maasland: 6 Angebote
2026-07-22 18:08:44,393 INFO Quelle 'maasland': 6 Treffer, 0 neu
2026-07-22 18:08:45,330 INFO immoweb: 39 Angebote
2026-07-22 18:08:45,331 INFO Quelle 'immoweb': 39 Treffer, 0 neu
2026-07-22 18:08:45,331 INFO Lauf beendet: 69 Treffer gesamt, 0 neu gesamt
2026-07-22 19:44:00,029 WARNING Quelle 'huurwoningen' nicht erreichbar: 403 Client Error: Forbidden for url: https://www.huurwoningen.nl/en/in/maastricht/
2026-07-22 19:44:01,371 INFO kamernet: 17 Listings im HTML
2026-07-22 19:44:01,371 INFO kamernet: 17 Listings nach Filterung
2026-07-22 19:44:01,372 INFO Quelle 'kamernet': 17 Treffer, 0 neu
2026-07-22 19:44:03,921 INFO mghousing: API lieferte 35 Objekte
2026-07-22 19:44:03,921 INFO mghousing: 7 Objekte nach Filterung
2026-07-22 19:44:03,924 INFO Quelle 'mghousing': 7 Treffer, 0 neu
2026-07-22 19:44:23,951 WARNING Quelle 'wmm' nicht erreichbar: HTTPSConnectionPool(host='wmm.nl', port=443): Max retries exceeded with url: /en/offers (Caused by ConnectTimeoutError(<HTTPSConnection(host='wmm.nl', port=443) at 0x7f707e083bf0>, 'Connection to wmm.nl timed out. (connect timeout=20)'))
2026-07-22 19:44:24,652 INFO maasland: 6 Angebote
2026-07-22 19:44:24,652 INFO Quelle 'maasland': 6 Treffer, 0 neu
2026-07-22 19:44:25,648 INFO immoweb: 39 Angebote
2026-07-22 19:44:25,648 INFO Quelle 'immoweb': 39 Treffer, 0 neu
2026-07-22 19:44:25,648 INFO Lauf beendet: 69 Treffer gesamt, 0 neu gesamt
2026-07-22 20:54:10,208 WARNING Quelle 'huurwoningen' nicht erreichbar: 403 Client Error: Forbidden for url: https://www.huurwoningen.nl/en/in/maastricht/
2026-07-22 20:54:11,233 INFO kamernet: 17 Listings im HTML
2026-07-22 20:54:11,233 INFO kamernet: 17 Listings nach Filterung
2026-07-22 20:54:11,233 INFO Quelle 'kamernet': 17 Treffer, 0 neu
2026-07-22 20:54:14,750 INFO mghousing: API lieferte 35 Objekte
2026-07-22 20:54:14,751 INFO mghousing: 7 Objekte nach Filterung
2026-07-22 20:54:14,752 INFO Quelle 'mghousing': 7 Treffer, 0 neu
2026-07-22 20:54:34,791 WARNING Quelle 'wmm' nicht erreichbar: HTTPSConnectionPool(host='wmm.nl', port=443): Max retries exceeded with url: /en/offers (Caused by ConnectTimeoutError(<HTTPSConnection(host='wmm.nl', port=443) at 0x7f5d8104b2c0>, 'Connection to wmm.nl timed out. (connect timeout=20)'))
2026-07-22 20:54:35,443 INFO maasland: 6 Angebote
2026-07-22 20:54:35,444 INFO Quelle 'maasland': 6 Treffer, 0 neu
2026-07-22 20:54:37,225 INFO immoweb: 39 Angebote
2026-07-22 20:54:37,226 INFO Quelle 'immoweb': 39 Treffer, 0 neu
2026-07-22 20:54:37,226 INFO Lauf beendet: 69 Treffer gesamt, 0 neu gesamt
2026-07-22 21:56:29,502 WARNING Quelle 'huurwoningen' nicht erreichbar: 403 Client Error: Forbidden for url: https://www.huurwoningen.nl/en/in/maastricht/
2026-07-22 21:56:32,376 INFO kamernet: 17 Listings im HTML
2026-07-22 21:56:32,376 INFO kamernet: 17 Listings nach Filterung
2026-07-22 21:56:32,377 INFO Quelle 'kamernet': 17 Treffer, 0 neu
2026-07-22 21:56:34,685 INFO mghousing: API lieferte 35 Objekte
2026-07-22 21:56:34,685 INFO mghousing: 7 Objekte nach Filterung
2026-07-22 21:56:34,687 INFO Quelle 'mghousing': 7 Treffer, 0 neu
2026-07-22 21:56:54,713 WARNING Quelle 'wmm' nicht erreichbar: HTTPSConnectionPool(host='wmm.nl', port=443): Max retries exceeded with url: /en/offers (Caused by ConnectTimeoutError(<HTTPSConnection(host='wmm.nl', port=443) at 0x7f0d6ce53710>, 'Connection to wmm.nl timed out. (connect timeout=20)'))
2026-07-22 21:56:55,428 INFO maasland: 6 Angebote
2026-07-22 21:56:55,429 INFO Quelle 'maasland': 6 Treffer, 0 neu
2026-07-22 21:56:56,526 INFO immoweb: 39 Angebote
2026-07-22 21:56:56,527 INFO Quelle 'immoweb': 39 Treffer, 0 neu
2026-07-22 21:56:56,527 INFO Lauf beendet: 69 Treffer gesamt, 0 neu gesamt
2026-07-22 23:11:11,403 WARNING Quelle 'huurwoningen' nicht erreichbar: 403 Client Error: Forbidden for url: https://www.huurwoningen.nl/en/in/maastricht/
2026-07-22 23:11:11,973 INFO kamernet: 17 Listings im HTML
2026-07-22 23:11:11,974 INFO kamernet: 17 Listings nach Filterung
2026-07-22 23:11:11,974 INFO Quelle 'kamernet': 17 Treffer, 0 neu
2026-07-22 23:11:14,075 INFO mghousing: API lieferte 35 Objekte
2026-07-22 23:11:14,076 INFO mghousing: 7 Objekte nach Filterung
2026-07-22 23:11:14,077 INFO Quelle 'mghousing': 7 Treffer, 0 neu
2026-07-22 23:11:14,668 INFO wmm: 21 Angebote
2026-07-22 23:11:14,668 INFO Quelle 'wmm': 21 Treffer, 0 neu
2026-07-22 23:11:15,122 INFO maasland: 6 Angebote
2026-07-22 23:11:15,123 INFO Quelle 'maasland': 6 Treffer, 0 neu
2026-07-22 23:11:16,116 INFO immoweb: 39 Angebote
2026-07-22 23:11:16,117 INFO Quelle 'immoweb': 39 Treffer, 0 neu
2026-07-22 23:11:16,117 INFO Lauf beendet: 90 Treffer gesamt, 0 neu gesamt
2026-07-23 00:14:44,096 WARNING Quelle 'huurwoningen' nicht erreichbar: 403 Client Error: Forbidden for url: https://www.huurwoningen.nl/en/in/maastricht/
2026-07-23 00:14:44,716 INFO kamernet: 17 Listings im HTML
2026-07-23 00:14:44,716 INFO kamernet: 17 Listings nach Filterung
2026-07-23 00:14:44,717 INFO Quelle 'kamernet': 17 Treffer, 0 neu
2026-07-23 00:14:47,456 INFO mghousing: API lieferte 35 Objekte
2026-07-23 00:14:47,456 INFO mghousing: 7 Objekte nach Filterung
2026-07-23 00:14:47,458 INFO Quelle 'mghousing': 7 Treffer, 0 neu
2026-07-23 00:15:07,495 WARNING Quelle 'wmm' nicht erreichbar: HTTPSConnectionPool(host='wmm.nl', port=443): Max retries exceeded with url: /en/offers (Caused by ConnectTimeoutError(<HTTPSConnection(host='wmm.nl', port=443) at 0x7fbb0783eea0>, 'Connection to wmm.nl timed out. (connect timeout=20)'))
2026-07-23 00:15:08,157 INFO maasland: 6 Angebote
2026-07-23 00:15:08,157 INFO Quelle 'maasland': 6 Treffer, 0 neu
2026-07-23 00:15:09,365 INFO immoweb: 39 Angebote
2026-07-23 00:15:09,366 INFO Quelle 'immoweb': 39 Treffer, 0 neu
2026-07-23 00:15:09,366 INFO Lauf beendet: 69 Treffer gesamt, 0 neu gesamt
2026-07-23 03:50:05,308 WARNING Quelle 'huurwoningen' nicht erreichbar: 403 Client Error: Forbidden for url: https://www.huurwoningen.nl/en/in/maastricht/
2026-07-23 03:50:05,888 INFO kamernet: 17 Listings im HTML
2026-07-23 03:50:05,888 INFO kamernet: 17 Listings nach Filterung
2026-07-23 03:50:05,889 INFO Quelle 'kamernet': 17 Treffer, 0 neu
2026-07-23 03:50:08,425 INFO mghousing: API lieferte 35 Objekte
2026-07-23 03:50:08,426 INFO mghousing: 7 Objekte nach Filterung
2026-07-23 03:50:08,427 INFO Quelle 'mghousing': 7 Treffer, 0 neu
2026-07-23 03:50:28,636 WARNING Quelle 'wmm' nicht erreichbar: HTTPSConnectionPool(host='wmm.nl', port=443): Max retries exceeded with url: /en/offers (Caused by ConnectTimeoutError(<HTTPSConnection(host='wmm.nl', port=443) at 0x7f3dcbb7b770>, 'Connection to wmm.nl timed out. (connect timeout=20)'))
2026-07-23 03:50:29,398 INFO maasland: 6 Angebote
2026-07-23 03:50:29,398 INFO Quelle 'maasland': 6 Treffer, 0 neu
2026-07-23 03:50:30,697 INFO immoweb: 39 Angebote
2026-07-23 03:50:30,698 INFO Quelle 'immoweb': 39 Treffer, 0 neu
2026-07-23 03:50:30,698 INFO Lauf beendet: 69 Treffer gesamt, 0 neu gesamt
2026-07-23 06:24:50,313 WARNING Quelle 'huurwoningen' nicht erreichbar: 403 Client Error: Forbidden for url: https://www.huurwoningen.nl/en/in/maastricht/
2026-07-23 06:24:51,347 INFO kamernet: 17 Listings im HTML
2026-07-23 06:24:51,348 INFO kamernet: 17 Listings nach Filterung
2026-07-23 06:24:51,348 INFO Quelle 'kamernet': 17 Treffer, 0 neu
2026-07-23 06:24:53,844 INFO mghousing: API lieferte 35 Objekte
2026-07-23 06:24:53,844 INFO mghousing: 7 Objekte nach Filterung
2026-07-23 06:24:53,845 INFO Quelle 'mghousing': 7 Treffer, 0 neu
2026-07-23 06:24:54,680 INFO wmm: 21 Angebote
2026-07-23 06:24:54,681 INFO Quelle 'wmm': 21 Treffer, 0 neu
2026-07-23 06:24:55,226 INFO maasland: 5 Angebote
2026-07-23 06:24:55,226 INFO Quelle 'maasland': 5 Treffer, 0 neu
2026-07-23 06:24:56,199 INFO immoweb: 39 Angebote
2026-07-23 06:24:56,200 INFO Quelle 'immoweb': 39 Treffer, 0 neu
2026-07-23 06:24:56,200 INFO Lauf beendet: 89 Treffer gesamt, 0 neu gesamt
2026-07-23 09:09:27,374 WARNING Quelle 'huurwoningen' nicht erreichbar: 403 Client Error: Forbidden for url: https://www.huurwoningen.nl/en/in/maastricht/
2026-07-23 09:09:28,402 INFO kamernet: 17 Listings im HTML
2026-07-23 09:09:28,402 INFO kamernet: 17 Listings nach Filterung
2026-07-23 09:09:28,402 INFO Quelle 'kamernet': 17 Treffer, 0 neu
2026-07-23 09:09:30,881 INFO mghousing: API lieferte 35 Objekte
2026-07-23 09:09:30,881 INFO mghousing: 7 Objekte nach Filterung
2026-07-23 09:09:30,882 INFO Quelle 'mghousing': 7 Treffer, 0 neu
2026-07-23 09:09:31,591 INFO wmm: 22 Angebote
2026-07-23 09:09:33,971 INFO Gesendet: Sint Pieterstraat 28, Maastricht | €1.101,45 / month (incl.) | https://wmm.nl/en/offers/maastricht/sint-pieterstraat-28/8154
2026-07-23 09:09:36,274 INFO Gesendet: Tongerseweg 9, Maastricht | €1.565,00 / month (incl.) | https://wmm.nl/en/offers/maastricht/tongerseweg-9/10319
2026-07-23 09:09:36,274 INFO Quelle 'wmm': 22 Treffer, 2 neu
2026-07-23 09:09:36,919 INFO maasland: 5 Angebote
2026-07-23 09:09:36,919 INFO Quelle 'maasland': 5 Treffer, 0 neu
2026-07-23 09:09:38,147 INFO immoweb: 39 Angebote
2026-07-23 09:09:38,148 INFO Quelle 'immoweb': 39 Treffer, 0 neu
2026-07-23 09:09:38,148 INFO Lauf beendet: 90 Treffer gesamt, 2 neu gesamt
2026-07-23 11:20:46,554 WARNING Quelle 'huurwoningen' nicht erreichbar: 403 Client Error: Forbidden for url: https://www.huurwoningen.nl/en/in/maastricht/
2026-07-23 11:20:47,465 INFO kamernet: 17 Listings im HTML
2026-07-23 11:20:47,465 INFO kamernet: 17 Listings nach Filterung
2026-07-23 11:20:47,466 INFO Quelle 'kamernet': 17 Treffer, 0 neu
2026-07-23 11:20:49,610 INFO mghousing: API lieferte 35 Objekte
2026-07-23 11:20:49,611 INFO mghousing: 7 Objekte nach Filterung
2026-07-23 11:20:49,612 INFO Quelle 'mghousing': 7 Treffer, 0 neu
2026-07-23 11:20:50,325 INFO wmm: 22 Angebote
2026-07-23 11:20:50,325 INFO Quelle 'wmm': 22 Treffer, 0 neu
2026-07-23 11:20:50,869 INFO maasland: 5 Angebote
2026-07-23 11:20:50,870 INFO Quelle 'maasland': 5 Treffer, 0 neu
2026-07-23 11:20:52,615 INFO immoweb: 39 Angebote
2026-07-23 11:20:52,616 INFO Quelle 'immoweb': 39 Treffer, 0 neu
2026-07-23 11:20:52,616 INFO Lauf beendet: 90 Treffer gesamt, 0 neu gesamt
2026-07-23 12:56:35,258 WARNING Quelle 'huurwoningen' nicht erreichbar: 403 Client Error: Forbidden for url: https://www.huurwoningen.nl/en/in/maastricht/
2026-07-23 12:56:36,441 INFO kamernet: 17 Listings im HTML
2026-07-23 12:56:36,442 INFO kamernet: 17 Listings nach Filterung
2026-07-23 12:56:36,442 INFO Quelle 'kamernet': 17 Treffer, 0 neu
2026-07-23 12:56:38,560 INFO mghousing: API lieferte 36 Objekte
2026-07-23 12:56:38,560 INFO mghousing: 7 Objekte nach Filterung
2026-07-23 12:56:38,562 INFO Quelle 'mghousing': 7 Treffer, 0 neu
2026-07-23 12:56:58,592 WARNING Quelle 'wmm' nicht erreichbar: HTTPSConnectionPool(host='wmm.nl', port=443): Max retries exceeded with url: /en/offers (Caused by ConnectTimeoutError(<HTTPSConnection(host='wmm.nl', port=443) at 0x7f7f20373f80>, 'Connection to wmm.nl timed out. (connect timeout=20)'))
2026-07-23 12:56:59,120 INFO maasland: 5 Angebote
2026-07-23 12:56:59,121 INFO Quelle 'maasland': 5 Treffer, 0 neu
2026-07-23 12:57:00,092 INFO immoweb: 39 Angebote
2026-07-23 12:57:00,093 INFO Quelle 'immoweb': 39 Treffer, 0 neu
2026-07-23 12:57:00,094 INFO Lauf beendet: 68 Treffer gesamt, 0 neu gesamt
2026-07-23 15:18:41,427 WARNING Quelle 'huurwoningen' nicht erreichbar: 403 Client Error: Forbidden for url: https://www.huurwoningen.nl/en/in/maastricht/
2026-07-23 15:18:43,066 INFO kamernet: 17 Listings im HTML
2026-07-23 15:18:43,066 INFO kamernet: 17 Listings nach Filterung
2026-07-23 15:18:45,553 INFO Gesendet: Koning Clovisstraat, Maastricht | €750 p.m. | https://kamernet.nl/en/for-rent/room-maastricht/koning-clovisstraat/room-2394563
2026-07-23 15:18:45,554 INFO Quelle 'kamernet': 17 Treffer, 1 neu
2026-07-23 15:18:48,924 INFO mghousing: API lieferte 37 Objekte
2026-07-23 15:18:48,925 INFO mghousing: 8 Objekte nach Filterung
2026-07-23 15:18:51,273 INFO Gesendet: Jekerstraat 13 | €860 p.m. | https://mghousing.nl/en/listings/rentals/6a6210c3a3c00c760a4da0b4
2026-07-23 15:18:51,273 INFO Quelle 'mghousing': 8 Treffer, 1 neu
2026-07-23 15:19:11,333 WARNING Quelle 'wmm' nicht erreichbar: HTTPSConnectionPool(host='wmm.nl', port=443): Max retries exceeded with url: /en/offers (Caused by ConnectTimeoutError(<HTTPSConnection(host='wmm.nl', port=443) at 0x7f7f02a1b6e0>, 'Connection to wmm.nl timed out. (connect timeout=20)'))
2026-07-23 15:19:11,872 INFO maasland: 5 Angebote
2026-07-23 15:19:11,872 INFO Quelle 'maasland': 5 Treffer, 0 neu
2026-07-23 15:19:12,915 INFO immoweb: 39 Angebote
2026-07-23 15:19:12,916 INFO Quelle 'immoweb': 39 Treffer, 0 neu
2026-07-23 15:19:12,916 INFO Lauf beendet: 69 Treffer gesamt, 2 neu gesamt
2026-07-23 16:53:03,266 WARNING Quelle 'huurwoningen' nicht erreichbar: 403 Client Error: Forbidden for url: https://www.huurwoningen.nl/en/in/maastricht/
2026-07-23 16:53:04,994 INFO kamernet: 17 Listings im HTML
2026-07-23 16:53:04,995 INFO kamernet: 17 Listings nach Filterung
2026-07-23 16:53:07,713 INFO Gesendet: Wycker Grachtstraat, Maastricht | €775 p.m. | https://kamernet.nl/en/for-rent/studio-maastricht/wycker-grachtstraat/studio-2395009
2026-07-23 16:53:07,713 INFO Quelle 'kamernet': 17 Treffer, 1 neu
2026-07-23 16:53:10,199 INFO mghousing: API lieferte 37 Objekte
2026-07-23 16:53:10,200 INFO mghousing: 8 Objekte nach Filterung
2026-07-23 16:53:10,202 INFO Quelle 'mghousing': 8 Treffer, 0 neu
2026-07-23 16:53:10,858 INFO wmm: 21 Angebote
2026-07-23 16:53:10,858 INFO Quelle 'wmm': 21 Treffer, 0 neu
2026-07-23 16:53:11,398 INFO maasland: 5 Angebote
2026-07-23 16:53:11,398 INFO Quelle 'maasland': 5 Treffer, 0 neu
2026-07-23 16:53:12,684 INFO immoweb: 39 Angebote
2026-07-23 16:53:12,685 INFO Quelle 'immoweb': 39 Treffer, 0 neu
2026-07-23 16:53:12,685 INFO Lauf beendet: 90 Treffer gesamt, 1 neu gesamt
2026-07-23 18:12:26,324 WARNING Quelle 'huurwoningen' nicht erreichbar: 403 Client Error: Forbidden for url: https://www.huurwoningen.nl/en/in/maastricht/
2026-07-23 18:12:28,443 INFO kamernet: 17 Listings im HTML
2026-07-23 18:12:28,444 INFO kamernet: 17 Listings nach Filterung
2026-07-23 18:12:28,444 INFO Quelle 'kamernet': 17 Treffer, 0 neu
2026-07-23 18:12:31,485 INFO mghousing: API lieferte 37 Objekte
2026-07-23 18:12:31,485 INFO mghousing: 8 Objekte nach Filterung
2026-07-23 18:12:31,486 INFO Quelle 'mghousing': 8 Treffer, 0 neu
2026-07-23 18:12:32,217 INFO wmm: 20 Angebote
2026-07-23 18:12:32,217 INFO Quelle 'wmm': 20 Treffer, 0 neu
2026-07-23 18:12:32,900 INFO maasland: 5 Angebote
2026-07-23 18:12:32,901 INFO Quelle 'maasland': 5 Treffer, 0 neu
2026-07-23 18:12:34,167 INFO immoweb: 39 Angebote
2026-07-23 18:12:34,168 INFO Quelle 'immoweb': 39 Treffer, 0 neu
2026-07-23 18:12:34,168 INFO Lauf beendet: 89 Treffer gesamt, 0 neu gesamt
2026-07-23 19:49:07,152 WARNING Quelle 'huurwoningen' nicht erreichbar: 403 Client Error: Forbidden for url: https://www.huurwoningen.nl/en/in/maastricht/
2026-07-23 19:49:09,532 INFO kamernet: 17 Listings im HTML
2026-07-23 19:49:09,532 INFO kamernet: 17 Listings nach Filterung
2026-07-23 19:49:09,532 INFO Quelle 'kamernet': 17 Treffer, 0 neu
2026-07-23 19:49:11,288 INFO mghousing: API lieferte 37 Objekte
2026-07-23 19:49:11,289 INFO mghousing: 8 Objekte nach Filterung
2026-07-23 19:49:11,290 INFO Quelle 'mghousing': 8 Treffer, 0 neu
2026-07-23 19:49:31,335 WARNING Quelle 'wmm' nicht erreichbar: HTTPSConnectionPool(host='wmm.nl', port=443): Max retries exceeded with url: /en/offers (Caused by ConnectTimeoutError(<HTTPSConnection(host='wmm.nl', port=443) at 0x7f76606efc80>, 'Connection to wmm.nl timed out. (connect timeout=20)'))
2026-07-23 19:49:31,802 INFO maasland: 5 Angebote
2026-07-23 19:49:31,802 INFO Quelle 'maasland': 5 Treffer, 0 neu
2026-07-23 19:49:32,902 INFO immoweb: 39 Angebote
2026-07-23 19:49:32,903 INFO Quelle 'immoweb': 39 Treffer, 0 neu
2026-07-23 19:49:32,903 INFO Lauf beendet: 69 Treffer gesamt, 0 neu gesamt
2026-07-23 20:50:25,862 WARNING Quelle 'huurwoningen' nicht erreichbar: 403 Client Error: Forbidden for url: https://www.huurwoningen.nl/en/in/maastricht/
2026-07-23 20:50:26,592 INFO kamernet: 17 Listings im HTML
2026-07-23 20:50:26,593 INFO kamernet: 17 Listings nach Filterung
2026-07-23 20:50:26,593 INFO Quelle 'kamernet': 17 Treffer, 0 neu
2026-07-23 20:50:28,749 INFO mghousing: API lieferte 37 Objekte
2026-07-23 20:50:28,750 INFO mghousing: 8 Objekte nach Filterung
2026-07-23 20:50:28,751 INFO Quelle 'mghousing': 8 Treffer, 0 neu
2026-07-23 20:50:29,520 INFO wmm: 19 Angebote
2026-07-23 20:50:29,520 INFO Quelle 'wmm': 19 Treffer, 0 neu
2026-07-23 20:50:30,191 INFO maasland: 5 Angebote
2026-07-23 20:50:30,192 INFO Quelle 'maasland': 5 Treffer, 0 neu
2026-07-23 20:50:31,222 INFO immoweb: 39 Angebote
2026-07-23 20:50:31,223 INFO Quelle 'immoweb': 39 Treffer, 0 neu
2026-07-23 20:50:31,224 INFO Lauf beendet: 88 Treffer gesamt, 0 neu gesamt
2026-07-23 21:59:44,343 WARNING Quelle 'huurwoningen' nicht erreichbar: 403 Client Error: Forbidden for url: https://www.huurwoningen.nl/en/in/maastricht/
2026-07-23 21:59:45,728 INFO kamernet: 17 Listings im HTML
2026-07-23 21:59:45,728 INFO kamernet: 17 Listings nach Filterung
2026-07-23 21:59:45,729 INFO Quelle 'kamernet': 17 Treffer, 0 neu
2026-07-23 21:59:48,806 INFO mghousing: API lieferte 37 Objekte
2026-07-23 21:59:48,807 INFO mghousing: 8 Objekte nach Filterung
2026-07-23 21:59:48,809 INFO Quelle 'mghousing': 8 Treffer, 0 neu
2026-07-23 22:00:08,857 WARNING Quelle 'wmm' nicht erreichbar: HTTPSConnectionPool(host='wmm.nl', port=443): Max retries exceeded with url: /en/offers (Caused by ConnectTimeoutError(<HTTPSConnection(host='wmm.nl', port=443) at 0x7fed88413e90>, 'Connection to wmm.nl timed out. (connect timeout=20)'))
2026-07-23 22:00:09,550 INFO maasland: 5 Angebote
2026-07-23 22:00:09,550 INFO Quelle 'maasland': 5 Treffer, 0 neu
2026-07-23 22:00:10,806 INFO immoweb: 39 Angebote
2026-07-23 22:00:13,841 INFO Gesendet: Ophemmerstraat, 3770 Vlijtingen | €865 p.m. | https://www.immoweb.be/en/classified/21727407
2026-07-23 22:00:13,842 INFO Quelle 'immoweb': 39 Treffer, 1 neu
2026-07-23 22:00:13,842 INFO Lauf beendet: 69 Treffer gesamt, 1 neu gesamt
2026-07-23 23:07:42,402 WARNING Quelle 'huurwoningen' nicht erreichbar: 403 Client Error: Forbidden for url: https://www.huurwoningen.nl/en/in/maastricht/
2026-07-23 23:07:43,194 INFO kamernet: 17 Listings im HTML
2026-07-23 23:07:43,195 INFO kamernet: 17 Listings nach Filterung
2026-07-23 23:07:43,195 INFO Quelle 'kamernet': 17 Treffer, 0 neu
2026-07-23 23:07:46,659 INFO mghousing: API lieferte 37 Objekte
2026-07-23 23:07:46,659 INFO mghousing: 8 Objekte nach Filterung
2026-07-23 23:07:46,661 INFO Quelle 'mghousing': 8 Treffer, 0 neu
2026-07-23 23:07:47,445 INFO wmm: 19 Angebote
2026-07-23 23:07:47,445 INFO Quelle 'wmm': 19 Treffer, 0 neu
2026-07-23 23:07:48,078 INFO maasland: 5 Angebote
2026-07-23 23:07:48,079 INFO Quelle 'maasland': 5 Treffer, 0 neu
2026-07-23 23:07:49,527 INFO immoweb: 39 Angebote
2026-07-23 23:07:49,528 INFO Quelle 'immoweb': 39 Treffer, 0 neu
2026-07-23 23:07:49,528 INFO Lauf beendet: 88 Treffer gesamt, 0 neu gesamt
2026-07-24 00:10:34,238 WARNING Quelle 'huurwoningen' nicht erreichbar: 403 Client Error: Forbidden for url: https://www.huurwoningen.nl/en/in/maastricht/
2026-07-24 00:10:35,124 INFO kamernet: 17 Listings im HTML
2026-07-24 00:10:35,124 INFO kamernet: 17 Listings nach Filterung
2026-07-24 00:10:35,125 INFO Quelle 'kamernet': 17 Treffer, 0 neu
2026-07-24 00:10:40,715 INFO mghousing: API lieferte 37 Objekte
2026-07-24 00:10:40,715 INFO mghousing: 8 Objekte nach Filterung
2026-07-24 00:10:40,717 INFO Quelle 'mghousing': 8 Treffer, 0 neu
2026-07-24 00:10:41,547 INFO wmm: 19 Angebote
2026-07-24 00:10:41,547 INFO Quelle 'wmm': 19 Treffer, 0 neu
2026-07-24 00:10:41,992 INFO maasland: 5 Angebote
2026-07-24 00:10:41,993 INFO Quelle 'maasland': 5 Treffer, 0 neu
2026-07-24 00:10:42,975 INFO immoweb: 39 Angebote
2026-07-24 00:10:42,976 INFO Quelle 'immoweb': 39 Treffer, 0 neu
2026-07-24 00:10:42,977 INFO Lauf beendet: 88 Treffer gesamt, 0 neu gesamt
2026-07-24 03:46:25,960 WARNING Quelle 'huurwoningen' nicht erreichbar: 403 Client Error: Forbidden for url: https://www.huurwoningen.nl/en/in/maastricht/
2026-07-24 03:46:26,498 INFO kamernet: 17 Listings im HTML
2026-07-24 03:46:26,498 INFO kamernet: 17 Listings nach Filterung
2026-07-24 03:46:26,499 INFO Quelle 'kamernet': 17 Treffer, 0 neu
2026-07-24 03:46:28,443 INFO mghousing: API lieferte 37 Objekte
2026-07-24 03:46:28,443 INFO mghousing: 8 Objekte nach Filterung
2026-07-24 03:46:28,445 INFO Quelle 'mghousing': 8 Treffer, 0 neu
2026-07-24 03:46:48,490 WARNING Quelle 'wmm' nicht erreichbar: HTTPSConnectionPool(host='wmm.nl', port=443): Max retries exceeded with url: /en/offers (Caused by ConnectTimeoutError(<HTTPSConnection(host='wmm.nl', port=443) at 0x7fec48fbfad0>, 'Connection to wmm.nl timed out. (connect timeout=20)'))
2026-07-24 03:46:49,148 INFO maasland: 5 Angebote
2026-07-24 03:46:49,148 INFO Quelle 'maasland': 5 Treffer, 0 neu
2026-07-24 03:46:50,574 INFO immoweb: 39 Angebote
2026-07-24 03:46:50,575 INFO Quelle 'immoweb': 39 Treffer, 0 neu
2026-07-24 03:46:50,575 INFO Lauf beendet: 69 Treffer gesamt, 0 neu gesamt
2026-07-24 06:15:25,798 WARNING Quelle 'huurwoningen' nicht erreichbar: 403 Client Error: Forbidden for url: https://www.huurwoningen.nl/en/in/maastricht/
2026-07-24 06:15:27,133 INFO kamernet: 17 Listings im HTML
2026-07-24 06:15:27,133 INFO kamernet: 17 Listings nach Filterung
2026-07-24 06:15:27,134 INFO Quelle 'kamernet': 17 Treffer, 0 neu
2026-07-24 06:15:29,679 INFO mghousing: API lieferte 37 Objekte
2026-07-24 06:15:29,679 INFO mghousing: 8 Objekte nach Filterung
2026-07-24 06:15:29,681 INFO Quelle 'mghousing': 8 Treffer, 0 neu
2026-07-24 06:15:49,874 WARNING Quelle 'wmm' nicht erreichbar: HTTPSConnectionPool(host='wmm.nl', port=443): Max retries exceeded with url: /en/offers (Caused by ConnectTimeoutError(<HTTPSConnection(host='wmm.nl', port=443) at 0x7f7a30597c50>, 'Connection to wmm.nl timed out. (connect timeout=20)'))
2026-07-24 06:15:50,477 INFO maasland: 5 Angebote
2026-07-24 06:15:50,477 INFO Quelle 'maasland': 5 Treffer, 0 neu
2026-07-24 06:15:51,793 INFO immoweb: 39 Angebote
2026-07-24 06:15:51,794 INFO Quelle 'immoweb': 39 Treffer, 0 neu
2026-07-24 06:15:51,794 INFO Lauf beendet: 69 Treffer gesamt, 0 neu gesamt
2026-07-24 08:47:14,846 WARNING Quelle 'huurwoningen' nicht erreichbar: 403 Client Error: Forbidden for url: https://www.huurwoningen.nl/en/in/maastricht/
2026-07-24 08:47:15,597 INFO kamernet: 17 Listings im HTML
2026-07-24 08:47:15,598 INFO kamernet: 17 Listings nach Filterung
2026-07-24 08:47:15,598 INFO Quelle 'kamernet': 17 Treffer, 0 neu
2026-07-24 08:47:20,348 INFO mghousing: API lieferte 37 Objekte
2026-07-24 08:47:20,349 INFO mghousing: 8 Objekte nach Filterung
2026-07-24 08:47:20,350 INFO Quelle 'mghousing': 8 Treffer, 0 neu
2026-07-24 08:47:21,010 INFO wmm: 18 Angebote
2026-07-24 08:47:21,010 INFO Quelle 'wmm': 18 Treffer, 0 neu
2026-07-24 08:47:21,508 INFO maasland: 5 Angebote
2026-07-24 08:47:21,508 INFO Quelle 'maasland': 5 Treffer, 0 neu
2026-07-24 08:47:22,546 INFO immoweb: 39 Angebote
2026-07-24 08:47:22,547 INFO Quelle 'immoweb': 39 Treffer, 0 neu
2026-07-24 08:47:22,547 INFO Lauf beendet: 87 Treffer gesamt, 0 neu gesamt
2026-07-24 10:51:22,652 WARNING Quelle 'huurwoningen' nicht erreichbar: 403 Client Error: Forbidden for url: https://www.huurwoningen.nl/en/in/maastricht/
2026-07-24 10:51:23,430 INFO kamernet: 17 Listings im HTML
2026-07-24 10:51:23,430 INFO kamernet: 17 Listings nach Filterung
2026-07-24 10:51:23,431 INFO Quelle 'kamernet': 17 Treffer, 0 neu
2026-07-24 10:51:25,415 INFO mghousing: API lieferte 37 Objekte
2026-07-24 10:51:25,415 INFO mghousing: 8 Objekte nach Filterung
2026-07-24 10:51:25,417 INFO Quelle 'mghousing': 8 Treffer, 0 neu
2026-07-24 10:51:45,460 WARNING Quelle 'wmm' nicht erreichbar: HTTPSConnectionPool(host='wmm.nl', port=443): Max retries exceeded with url: /en/offers (Caused by ConnectTimeoutError(<HTTPSConnection(host='wmm.nl', port=443) at 0x7f36442e3a10>, 'Connection to wmm.nl timed out. (connect timeout=20)'))
2026-07-24 10:51:45,944 INFO maasland: 5 Angebote
2026-07-24 10:51:45,945 INFO Quelle 'maasland': 5 Treffer, 0 neu
2026-07-24 10:51:47,017 INFO immoweb: 39 Angebote
2026-07-24 10:51:47,018 INFO Quelle 'immoweb': 39 Treffer, 0 neu
2026-07-24 10:51:47,018 INFO Lauf beendet: 69 Treffer gesamt, 0 neu gesamt
2026-07-24 12:16:54,708 WARNING Quelle 'huurwoningen' nicht erreichbar: 403 Client Error: Forbidden for url: https://www.huurwoningen.nl/en/in/maastricht/
2026-07-24 12:16:55,384 INFO kamernet: 17 Listings im HTML
2026-07-24 12:16:55,384 INFO kamernet: 17 Listings nach Filterung
2026-07-24 12:16:55,385 INFO Quelle 'kamernet': 17 Treffer, 0 neu
2026-07-24 12:16:58,053 INFO mghousing: API lieferte 37 Objekte
2026-07-24 12:16:58,053 INFO mghousing: 5 Objekte nach Filterung
2026-07-24 12:16:58,055 INFO Quelle 'mghousing': 5 Treffer, 0 neu
2026-07-24 12:17:18,105 WARNING Quelle 'wmm' nicht erreichbar: HTTPSConnectionPool(host='wmm.nl', port=443): Max retries exceeded with url: /en/offers (Caused by ConnectTimeoutError(<HTTPSConnection(host='wmm.nl', port=443) at 0x7fec1c20bec0>, 'Connection to wmm.nl timed out. (connect timeout=20)'))
2026-07-24 12:17:18,636 INFO maasland: 5 Angebote
2026-07-24 12:17:18,637 INFO Quelle 'maasland': 5 Treffer, 0 neu
2026-07-24 12:17:20,537 INFO immoweb: 39 Angebote
2026-07-24 12:17:20,538 INFO Quelle 'immoweb': 39 Treffer, 0 neu
2026-07-24 12:17:20,538 INFO Lauf beendet: 66 Treffer gesamt, 0 neu gesamt
2026-07-24 14:18:08,234 WARNING Quelle 'huurwoningen' nicht erreichbar: 403 Client Error: Forbidden for url: https://www.huurwoningen.nl/en/in/maastricht/
2026-07-24 14:18:09,250 INFO kamernet: 17 Listings im HTML
2026-07-24 14:18:09,250 INFO kamernet: 17 Listings nach Filterung
2026-07-24 14:18:11,466 INFO Gesendet: Einsteinstraat, Maastricht | €400 p.m. | https://kamernet.nl/en/for-rent/room-maastricht/einsteinstraat/room-2390319
2026-07-24 14:18:13,411 INFO Gesendet: Via Regia, Maastricht | €420 p.m. | https://kamernet.nl/en/for-rent/room-maastricht/via-regia/room-2390104
2026-07-24 14:18:13,411 INFO Quelle 'kamernet': 17 Treffer, 2 neu
2026-07-24 14:18:15,205 INFO mghousing: API lieferte 37 Objekte
2026-07-24 14:18:15,205 INFO mghousing: 5 Objekte nach Filterung
2026-07-24 14:18:15,207 INFO Quelle 'mghousing': 5 Treffer, 0 neu
2026-07-24 14:18:16,051 INFO wmm: 18 Angebote
2026-07-24 14:18:18,215 INFO Gesendet: Sint Hubertuslaan 25, Maastricht | €835,00 / month (incl.) | https://wmm.nl/en/offers/maastricht/sint-hubertuslaan-25/9048
2026-07-24 14:18:18,215 INFO Quelle 'wmm': 18 Treffer, 1 neu
2026-07-24 14:18:18,888 INFO maasland: 5 Angebote
2026-07-24 14:18:18,888 INFO Quelle 'maasland': 5 Treffer, 0 neu
2026-07-24 14:18:19,932 INFO immoweb: 39 Angebote
2026-07-24 14:18:19,933 INFO Quelle 'immoweb': 39 Treffer, 0 neu
2026-07-24 14:18:19,933 INFO Lauf beendet: 84 Treffer gesamt, 3 neu gesamt
2026-07-24 15:50:36,387 WARNING Quelle 'huurwoningen' nicht erreichbar: 403 Client Error: Forbidden for url: https://www.huurwoningen.nl/en/in/maastricht/
2026-07-24 15:50:37,728 INFO kamernet: 17 Listings im HTML
2026-07-24 15:50:37,728 INFO kamernet: 17 Listings nach Filterung
2026-07-24 15:50:37,729 INFO Quelle 'kamernet': 17 Treffer, 0 neu
2026-07-24 15:50:39,972 INFO mghousing: API lieferte 37 Objekte
2026-07-24 15:50:39,973 INFO mghousing: 5 Objekte nach Filterung
2026-07-24 15:50:39,975 INFO Quelle 'mghousing': 5 Treffer, 0 neu
2026-07-24 15:51:00,037 WARNING Quelle 'wmm' nicht erreichbar: HTTPSConnectionPool(host='wmm.nl', port=443): Max retries exceeded with url: /en/offers (Caused by ConnectTimeoutError(<HTTPSConnection(host='wmm.nl', port=443) at 0x7fa7cc453c80>, 'Connection to wmm.nl timed out. (connect timeout=20)'))
2026-07-24 15:51:00,683 INFO maasland: 5 Angebote
2026-07-24 15:51:00,683 INFO Quelle 'maasland': 5 Treffer, 0 neu
2026-07-24 15:51:01,696 INFO immoweb: 40 Angebote
2026-07-24 15:51:05,564 INFO Gesendet: Meershoven, 3740 Bilzen | €1.100 p.m. | https://www.immoweb.be/en/classified/21729209
2026-07-24 15:51:05,564 INFO Quelle 'immoweb': 40 Treffer, 1 neu
2026-07-24 15:51:05,564 INFO Lauf beendet: 67 Treffer gesamt, 1 neu gesamt
2026-07-24 17:23:02,517 WARNING Quelle 'huurwoningen' nicht erreichbar: 403 Client Error: Forbidden for url: https://www.huurwoningen.nl/en/in/maastricht/
2026-07-24 17:23:03,236 INFO kamernet: 17 Listings im HTML
2026-07-24 17:23:03,236 INFO kamernet: 17 Listings nach Filterung
2026-07-24 17:23:03,237 INFO Quelle 'kamernet': 17 Treffer, 0 neu
2026-07-24 17:23:05,710 INFO mghousing: API lieferte 37 Objekte
2026-07-24 17:23:05,710 INFO mghousing: 5 Objekte nach Filterung
2026-07-24 17:23:05,712 INFO Quelle 'mghousing': 5 Treffer, 0 neu
2026-07-24 17:23:25,757 WARNING Quelle 'wmm' nicht erreichbar: HTTPSConnectionPool(host='wmm.nl', port=443): Max retries exceeded with url: /en/offers (Caused by ConnectTimeoutError(<HTTPSConnection(host='wmm.nl', port=443) at 0x7f9ecb313710>, 'Connection to wmm.nl timed out. (connect timeout=20)'))
2026-07-24 17:23:26,252 INFO maasland: 5 Angebote
2026-07-24 17:23:26,252 INFO Quelle 'maasland': 5 Treffer, 0 neu
2026-07-24 17:23:27,345 INFO immoweb: 40 Angebote
2026-07-24 17:23:27,346 INFO Quelle 'immoweb': 40 Treffer, 0 neu
2026-07-24 17:23:27,346 INFO Lauf beendet: 67 Treffer gesamt, 0 neu gesamt
2026-07-24 18:57:54,864 WARNING Quelle 'huurwoningen' nicht erreichbar: 403 Client Error: Forbidden for url: https://www.huurwoningen.nl/en/in/maastricht/
2026-07-24 18:57:55,883 INFO kamernet: 17 Listings im HTML
2026-07-24 18:57:55,883 INFO kamernet: 17 Listings nach Filterung
2026-07-24 18:57:55,883 INFO Quelle 'kamernet': 17 Treffer, 0 neu
2026-07-24 18:57:59,667 INFO mghousing: API lieferte 37 Objekte
2026-07-24 18:57:59,668 INFO mghousing: 5 Objekte nach Filterung
2026-07-24 18:57:59,669 INFO Quelle 'mghousing': 5 Treffer, 0 neu
2026-07-24 18:58:00,517 INFO wmm: 19 Angebote
2026-07-24 18:58:03,101 INFO Gesendet: Meerssenerweg 366, Maastricht | €656,70 / month (incl.) | https://wmm.nl/en/offers/maastricht/meerssenerweg-366/8652
2026-07-24 18:58:05,596 INFO Gesendet: Wycker Grachtstraat 46, Maastricht | €520,25 / month (incl.) | https://wmm.nl/en/offers/maastricht/wycker-grachtstraat-46/8717
2026-07-24 18:58:08,101 INFO Gesendet: Populierweg 53A, Maastricht | €799,62 / month (incl.) | https://wmm.nl/en/offers/maastricht/populierweg-53a/8947
2026-07-24 18:58:10,328 INFO Gesendet: Glazeniersdreef 25, Maastricht | €680,54 / month (incl.) | https://wmm.nl/en/offers/maastricht/glazeniersdreef-25/10333
2026-07-24 18:58:10,328 INFO Quelle 'wmm': 19 Treffer, 4 neu
2026-07-24 18:58:10,824 INFO maasland: 5 Angebote
2026-07-24 18:58:10,824 INFO Quelle 'maasland': 5 Treffer, 0 neu
2026-07-24 18:58:11,892 INFO immoweb: 40 Angebote
2026-07-24 18:58:11,893 INFO Quelle 'immoweb': 40 Treffer, 0 neu
2026-07-24 18:58:11,893 INFO Lauf beendet: 86 Treffer gesamt, 4 neu gesamt
2026-07-24 20:36:41,252 WARNING Quelle 'huurwoningen' nicht erreichbar: 403 Client Error: Forbidden for url: https://www.huurwoningen.nl/en/in/maastricht/
2026-07-24 20:36:41,966 INFO kamernet: 17 Listings im HTML
2026-07-24 20:36:41,967 INFO kamernet: 17 Listings nach Filterung
2026-07-24 20:36:41,967 INFO Quelle 'kamernet': 17 Treffer, 0 neu
2026-07-24 20:36:44,676 INFO mghousing: API lieferte 37 Objekte
2026-07-24 20:36:44,677 INFO mghousing: 5 Objekte nach Filterung
2026-07-24 20:36:44,678 INFO Quelle 'mghousing': 5 Treffer, 0 neu
2026-07-24 20:36:45,383 INFO wmm: 18 Angebote
2026-07-24 20:36:45,383 INFO Quelle 'wmm': 18 Treffer, 0 neu
2026-07-24 20:36:45,977 INFO maasland: 5 Angebote
2026-07-24 20:36:45,978 INFO Quelle 'maasland': 5 Treffer, 0 neu
2026-07-24 20:36:46,826 INFO immoweb: 40 Angebote
2026-07-24 20:36:46,827 INFO Quelle 'immoweb': 40 Treffer, 0 neu
2026-07-24 20:36:46,827 INFO Lauf beendet: 85 Treffer gesamt, 0 neu gesamt
2026-07-24 21:45:02,382 WARNING Quelle 'huurwoningen' nicht erreichbar: 403 Client Error: Forbidden for url: https://www.huurwoningen.nl/en/in/maastricht/
2026-07-24 21:45:03,123 INFO kamernet: 17 Listings im HTML
2026-07-24 21:45:03,123 INFO kamernet: 17 Listings nach Filterung
2026-07-24 21:45:03,124 INFO Quelle 'kamernet': 17 Treffer, 0 neu
2026-07-24 21:45:06,896 INFO mghousing: API lieferte 37 Objekte
2026-07-24 21:45:06,896 INFO mghousing: 5 Objekte nach Filterung
2026-07-24 21:45:06,898 INFO Quelle 'mghousing': 5 Treffer, 0 neu
2026-07-24 21:45:07,838 INFO wmm: 18 Angebote
2026-07-24 21:45:07,838 INFO Quelle 'wmm': 18 Treffer, 0 neu
2026-07-24 21:45:08,452 INFO maasland: 5 Angebote
2026-07-24 21:45:08,452 INFO Quelle 'maasland': 5 Treffer, 0 neu
2026-07-24 21:45:09,582 INFO immoweb: 40 Angebote
2026-07-24 21:45:09,583 INFO Quelle 'immoweb': 40 Treffer, 0 neu
2026-07-24 21:45:09,583 INFO Lauf beendet: 85 Treffer gesamt, 0 neu gesamt
2026-07-24 22:46:07,986 WARNING Quelle 'huurwoningen' nicht erreichbar: 403 Client Error: Forbidden for url: https://www.huurwoningen.nl/en/in/maastricht/
2026-07-24 22:46:08,682 INFO kamernet: 17 Listings im HTML
2026-07-24 22:46:08,683 INFO kamernet: 17 Listings nach Filterung
2026-07-24 22:46:08,683 INFO Quelle 'kamernet': 17 Treffer, 0 neu
2026-07-24 22:46:11,679 INFO mghousing: API lieferte 37 Objekte
2026-07-24 22:46:11,679 INFO mghousing: 5 Objekte nach Filterung
2026-07-24 22:46:11,681 INFO Quelle 'mghousing': 5 Treffer, 0 neu
2026-07-24 22:46:12,557 INFO wmm: 16 Angebote
2026-07-24 22:46:12,557 INFO Quelle 'wmm': 16 Treffer, 0 neu
2026-07-24 22:46:13,256 INFO maasland: 5 Angebote
2026-07-24 22:46:13,256 INFO Quelle 'maasland': 5 Treffer, 0 neu
2026-07-24 22:46:14,905 INFO immoweb: 40 Angebote
2026-07-24 22:46:14,906 INFO Quelle 'immoweb': 40 Treffer, 0 neu
2026-07-24 22:46:14,906 INFO Lauf beendet: 83 Treffer gesamt, 0 neu gesamt
2026-07-24 23:49:34,342 WARNING Quelle 'huurwoningen' nicht erreichbar: 403 Client Error: Forbidden for url: https://www.huurwoningen.nl/en/in/maastricht/
2026-07-24 23:49:34,895 INFO kamernet: 17 Listings im HTML
2026-07-24 23:49:34,896 INFO kamernet: 17 Listings nach Filterung
2026-07-24 23:49:34,896 INFO Quelle 'kamernet': 17 Treffer, 0 neu
2026-07-24 23:49:37,822 INFO mghousing: API lieferte 37 Objekte
2026-07-24 23:49:37,823 INFO mghousing: 5 Objekte nach Filterung
2026-07-24 23:49:37,824 INFO Quelle 'mghousing': 5 Treffer, 0 neu
2026-07-24 23:49:58,033 WARNING Quelle 'wmm' nicht erreichbar: HTTPSConnectionPool(host='wmm.nl', port=443): Max retries exceeded with url: /en/offers (Caused by ConnectTimeoutError(<HTTPSConnection(host='wmm.nl', port=443) at 0x7f3fc10f3350>, 'Connection to wmm.nl timed out. (connect timeout=20)'))
2026-07-24 23:49:58,542 INFO maasland: 5 Angebote
2026-07-24 23:49:58,542 INFO Quelle 'maasland': 5 Treffer, 0 neu
2026-07-24 23:49:59,558 INFO immoweb: 40 Angebote
2026-07-24 23:49:59,559 INFO Quelle 'immoweb': 40 Treffer, 0 neu
2026-07-24 23:49:59,559 INFO Lauf beendet: 67 Treffer gesamt, 0 neu gesamt
2026-07-25 01:48:32,368 WARNING Quelle 'huurwoningen' nicht erreichbar: 403 Client Error: Forbidden for url: https://www.huurwoningen.nl/en/in/maastricht/
2026-07-25 01:48:33,160 INFO kamernet: 17 Listings im HTML
2026-07-25 01:48:33,160 INFO kamernet: 17 Listings nach Filterung
2026-07-25 01:48:33,160 INFO Quelle 'kamernet': 17 Treffer, 0 neu
2026-07-25 01:48:36,534 INFO mghousing: API lieferte 37 Objekte
2026-07-25 01:48:36,534 INFO mghousing: 5 Objekte nach Filterung
2026-07-25 01:48:36,535 INFO Quelle 'mghousing': 5 Treffer, 0 neu
2026-07-25 01:48:37,256 INFO wmm: 16 Angebote
2026-07-25 01:48:37,257 INFO Quelle 'wmm': 16 Treffer, 0 neu
2026-07-25 01:48:37,918 INFO maasland: 5 Angebote
2026-07-25 01:48:40,610 INFO Gesendet: Brusselsestraat, Maastricht Binnenstad | €925.18 /month (excl) | https://maaslandrelocation.nl/en/apartment/01xd36ew/brusselsestraat-maastricht
2026-07-25 01:48:40,610 INFO Quelle 'maasland': 5 Treffer, 1 neu
2026-07-25 01:48:42,704 INFO immoweb: 40 Angebote
2026-07-25 01:48:42,704 INFO Quelle 'immoweb': 40 Treffer, 0 neu
2026-07-25 01:48:42,705 INFO Lauf beendet: 83 Treffer gesamt, 1 neu gesamt
2026-07-25 04:53:26,576 WARNING Quelle 'huurwoningen' nicht erreichbar: 403 Client Error: Forbidden for url: https://www.huurwoningen.nl/en/in/maastricht/
2026-07-25 04:53:27,217 INFO kamernet: 17 Listings im HTML
2026-07-25 04:53:27,218 INFO kamernet: 17 Listings nach Filterung
2026-07-25 04:53:27,218 INFO Quelle 'kamernet': 17 Treffer, 0 neu
2026-07-25 04:53:30,252 INFO mghousing: API lieferte 37 Objekte
2026-07-25 04:53:30,253 INFO mghousing: 5 Objekte nach Filterung
2026-07-25 04:53:30,254 INFO Quelle 'mghousing': 5 Treffer, 0 neu
2026-07-25 04:53:31,007 INFO wmm: 16 Angebote
2026-07-25 04:53:31,007 INFO Quelle 'wmm': 16 Treffer, 0 neu
2026-07-25 04:53:31,639 INFO maasland: 5 Angebote
2026-07-25 04:53:31,640 INFO Quelle 'maasland': 5 Treffer, 0 neu
2026-07-25 04:53:32,510 INFO immoweb: 40 Angebote
2026-07-25 04:53:32,511 INFO Quelle 'immoweb': 40 Treffer, 0 neu
2026-07-25 04:53:32,511 INFO Lauf beendet: 83 Treffer gesamt, 0 neu gesamt
2026-07-25 07:18:02,355 WARNING Quelle 'huurwoningen' nicht erreichbar: 403 Client Error: Forbidden for url: https://www.huurwoningen.nl/en/in/maastricht/
2026-07-25 07:18:03,935 INFO kamernet: 17 Listings im HTML
2026-07-25 07:18:03,936 INFO kamernet: 17 Listings nach Filterung
2026-07-25 07:18:03,936 INFO Quelle 'kamernet': 17 Treffer, 0 neu
2026-07-25 07:18:07,253 INFO mghousing: API lieferte 37 Objekte
2026-07-25 07:18:07,254 INFO mghousing: 5 Objekte nach Filterung
2026-07-25 07:18:07,256 INFO Quelle 'mghousing': 5 Treffer, 0 neu
2026-07-25 07:18:08,107 INFO wmm: 16 Angebote
2026-07-25 07:18:08,108 INFO Quelle 'wmm': 16 Treffer, 0 neu
2026-07-25 07:18:08,743 INFO maasland: 5 Angebote
2026-07-25 07:18:08,743 INFO Quelle 'maasland': 5 Treffer, 0 neu
2026-07-25 07:18:10,813 INFO immoweb: 40 Angebote
2026-07-25 07:18:10,815 INFO Quelle 'immoweb': 40 Treffer, 0 neu
2026-07-25 07:18:10,815 INFO Lauf beendet: 83 Treffer gesamt, 0 neu gesamt
2026-07-25 09:15:33,115 WARNING Quelle 'huurwoningen' nicht erreichbar: 403 Client Error: Forbidden for url: https://www.huurwoningen.nl/en/in/maastricht/
2026-07-25 09:15:34,766 INFO kamernet: 17 Listings im HTML
2026-07-25 09:15:34,766 INFO kamernet: 17 Listings nach Filterung
2026-07-25 09:15:34,767 INFO Quelle 'kamernet': 17 Treffer, 0 neu
2026-07-25 09:15:39,259 INFO mghousing: API lieferte 37 Objekte
2026-07-25 09:15:39,259 INFO mghousing: 5 Objekte nach Filterung
2026-07-25 09:15:39,261 INFO Quelle 'mghousing': 5 Treffer, 0 neu
2026-07-25 09:15:39,941 INFO wmm: 16 Angebote
2026-07-25 09:15:39,941 INFO Quelle 'wmm': 16 Treffer, 0 neu
2026-07-25 09:15:40,583 INFO maasland: 5 Angebote
2026-07-25 09:15:40,583 INFO Quelle 'maasland': 5 Treffer, 0 neu
2026-07-25 09:15:41,704 INFO immoweb: 41 Angebote
2026-07-25 09:15:44,382 INFO Gesendet: Onze-Lieve-Vrouwestraat, 3690 Zutendaal | €1.450 p.m. | https://www.immoweb.be/en/classified/21729727
2026-07-25 09:15:44,383 INFO Quelle 'immoweb': 41 Treffer, 1 neu
2026-07-25 09:15:44,383 INFO Lauf beendet: 84 Treffer gesamt, 1 neu gesamt
2026-07-25 10:48:40,221 WARNING Quelle 'huurwoningen' nicht erreichbar: 403 Client Error: Forbidden for url: https://www.huurwoningen.nl/en/in/maastricht/
2026-07-25 10:48:41,055 INFO kamernet: 17 Listings im HTML
2026-07-25 10:48:41,056 INFO kamernet: 17 Listings nach Filterung
2026-07-25 10:48:41,056 INFO Quelle 'kamernet': 17 Treffer, 0 neu
2026-07-25 10:48:43,408 INFO mghousing: API lieferte 37 Objekte
2026-07-25 10:48:43,409 INFO mghousing: 5 Objekte nach Filterung
2026-07-25 10:48:43,410 INFO Quelle 'mghousing': 5 Treffer, 0 neu
2026-07-25 10:49:03,450 WARNING Quelle 'wmm' nicht erreichbar: HTTPSConnectionPool(host='wmm.nl', port=443): Max retries exceeded with url: /en/offers (Caused by ConnectTimeoutError(<HTTPSConnection(host='wmm.nl', port=443) at 0x7f3dfc3e3830>, 'Connection to wmm.nl timed out. (connect timeout=20)'))
2026-07-25 10:49:04,000 INFO maasland: 5 Angebote
2026-07-25 10:49:04,001 INFO Quelle 'maasland': 5 Treffer, 0 neu
2026-07-25 10:49:05,131 INFO immoweb: 41 Angebote
2026-07-25 10:49:05,132 INFO Quelle 'immoweb': 41 Treffer, 0 neu
2026-07-25 10:49:05,132 INFO Lauf beendet: 68 Treffer gesamt, 0 neu gesamt
2026-07-25 11:55:49,681 WARNING Quelle 'huurwoningen' nicht erreichbar: 403 Client Error: Forbidden for url: https://www.huurwoningen.nl/en/in/maastricht/
2026-07-25 11:55:51,542 INFO kamernet: 17 Listings im HTML
2026-07-25 11:55:51,542 INFO kamernet: 17 Listings nach Filterung
2026-07-25 11:55:51,543 INFO Quelle 'kamernet': 17 Treffer, 0 neu
2026-07-25 11:55:53,444 INFO mghousing: API lieferte 37 Objekte
2026-07-25 11:55:53,444 INFO mghousing: 5 Objekte nach Filterung
2026-07-25 11:55:53,445 INFO Quelle 'mghousing': 5 Treffer, 0 neu
2026-07-25 11:56:13,481 WARNING Quelle 'wmm' nicht erreichbar: HTTPSConnectionPool(host='wmm.nl', port=443): Max retries exceeded with url: /en/offers (Caused by ConnectTimeoutError(<HTTPSConnection(host='wmm.nl', port=443) at 0x7f62ace7eed0>, 'Connection to wmm.nl timed out. (connect timeout=20)'))
2026-07-25 11:56:13,934 INFO maasland: 5 Angebote
2026-07-25 11:56:13,935 INFO Quelle 'maasland': 5 Treffer, 0 neu
2026-07-25 11:56:15,031 INFO immoweb: 41 Angebote
2026-07-25 11:56:15,032 INFO Quelle 'immoweb': 41 Treffer, 0 neu
2026-07-25 11:56:15,032 INFO Lauf beendet: 68 Treffer gesamt, 0 neu gesamt
2026-07-25 13:49:10,675 WARNING Quelle 'huurwoningen' nicht erreichbar: 403 Client Error: Forbidden for url: https://www.huurwoningen.nl/en/in/maastricht/
2026-07-25 13:49:11,144 INFO kamernet: 17 Listings im HTML
2026-07-25 13:49:11,145 INFO kamernet: 17 Listings nach Filterung
2026-07-25 13:49:11,145 INFO Quelle 'kamernet': 17 Treffer, 0 neu
2026-07-25 13:49:15,040 INFO mghousing: API lieferte 37 Objekte
2026-07-25 13:49:15,041 INFO mghousing: 5 Objekte nach Filterung
2026-07-25 13:49:15,043 INFO Quelle 'mghousing': 5 Treffer, 0 neu
2026-07-25 13:49:35,231 WARNING Quelle 'wmm' nicht erreichbar: HTTPSConnectionPool(host='wmm.nl', port=443): Max retries exceeded with url: /en/offers (Caused by ConnectTimeoutError(<HTTPSConnection(host='wmm.nl', port=443) at 0x7f9a3a437500>, 'Connection to wmm.nl timed out. (connect timeout=20)'))
2026-07-25 13:49:35,884 INFO maasland: 5 Angebote
2026-07-25 13:49:35,885 INFO Quelle 'maasland': 5 Treffer, 0 neu
2026-07-25 13:49:37,321 INFO immoweb: 41 Angebote
2026-07-25 13:49:37,322 INFO Quelle 'immoweb': 41 Treffer, 0 neu
2026-07-25 13:49:37,322 INFO Lauf beendet: 68 Treffer gesamt, 0 neu gesamt
2026-07-25 14:54:03,738 WARNING Quelle 'huurwoningen' nicht erreichbar: 403 Client Error: Forbidden for url: https://www.huurwoningen.nl/en/in/maastricht/
2026-07-25 14:54:04,356 INFO kamernet: 17 Listings im HTML
2026-07-25 14:54:04,357 INFO kamernet: 17 Listings nach Filterung
2026-07-25 14:54:04,357 INFO Quelle 'kamernet': 17 Treffer, 0 neu
2026-07-25 14:54:06,189 INFO mghousing: API lieferte 37 Objekte
2026-07-25 14:54:06,189 INFO mghousing: 5 Objekte nach Filterung
2026-07-25 14:54:06,191 INFO Quelle 'mghousing': 5 Treffer, 0 neu
2026-07-25 14:54:26,231 WARNING Quelle 'wmm' nicht erreichbar: HTTPSConnectionPool(host='wmm.nl', port=443): Max retries exceeded with url: /en/offers (Caused by ConnectTimeoutError(<HTTPSConnection(host='wmm.nl', port=443) at 0x7f83383dbcb0>, 'Connection to wmm.nl timed out. (connect timeout=20)'))
2026-07-25 14:54:26,821 INFO maasland: 5 Angebote
2026-07-25 14:54:26,821 INFO Quelle 'maasland': 5 Treffer, 0 neu
2026-07-25 14:54:27,823 INFO immoweb: 41 Angebote
2026-07-25 14:54:27,824 INFO Quelle 'immoweb': 41 Treffer, 0 neu
2026-07-25 14:54:27,825 INFO Lauf beendet: 68 Treffer gesamt, 0 neu gesamt
2026-07-25 16:06:21,296 WARNING Quelle 'huurwoningen' nicht erreichbar: 403 Client Error: Forbidden for url: https://www.huurwoningen.nl/en/in/maastricht/
2026-07-25 16:06:22,988 INFO kamernet: 17 Listings im HTML
2026-07-25 16:06:22,988 INFO kamernet: 17 Listings nach Filterung
2026-07-25 16:06:22,988 INFO Quelle 'kamernet': 17 Treffer, 0 neu
2026-07-25 16:06:25,972 INFO mghousing: API lieferte 37 Objekte
2026-07-25 16:06:25,973 INFO mghousing: 5 Objekte nach Filterung
2026-07-25 16:06:25,975 INFO Quelle 'mghousing': 5 Treffer, 0 neu
2026-07-25 16:06:46,031 WARNING Quelle 'wmm' nicht erreichbar: HTTPSConnectionPool(host='wmm.nl', port=443): Max retries exceeded with url: /en/offers (Caused by ConnectTimeoutError(<HTTPSConnection(host='wmm.nl', port=443) at 0x7f7c788a7c20>, 'Connection to wmm.nl timed out. (connect timeout=20)'))
2026-07-25 16:06:46,635 INFO maasland: 5 Angebote
2026-07-25 16:06:46,636 INFO Quelle 'maasland': 5 Treffer, 0 neu
2026-07-25 16:06:47,739 INFO immoweb: 41 Angebote
2026-07-25 16:06:47,740 INFO Quelle 'immoweb': 41 Treffer, 0 neu
2026-07-25 16:06:47,740 INFO Lauf beendet: 68 Treffer gesamt, 0 neu gesamt
2026-07-25 17:13:38,651 WARNING Quelle 'huurwoningen' nicht erreichbar: 403 Client Error: Forbidden for url: https://www.huurwoningen.nl/en/in/maastricht/
2026-07-25 17:13:39,513 INFO kamernet: 17 Listings im HTML
2026-07-25 17:13:39,513 INFO kamernet: 17 Listings nach Filterung
2026-07-25 17:13:39,513 INFO Quelle 'kamernet': 17 Treffer, 0 neu
2026-07-25 17:13:42,397 INFO mghousing: API lieferte 37 Objekte
2026-07-25 17:13:42,398 INFO mghousing: 5 Objekte nach Filterung
2026-07-25 17:13:42,399 INFO Quelle 'mghousing': 5 Treffer, 0 neu
2026-07-25 17:14:02,416 WARNING Quelle 'wmm' nicht erreichbar: HTTPSConnectionPool(host='wmm.nl', port=443): Max retries exceeded with url: /en/offers (Caused by ConnectTimeoutError(<HTTPSConnection(host='wmm.nl', port=443) at 0x7f934d18fef0>, 'Connection to wmm.nl timed out. (connect timeout=20)'))
2026-07-25 17:14:03,113 INFO maasland: 5 Angebote
2026-07-25 17:14:03,113 INFO Quelle 'maasland': 5 Treffer, 0 neu
2026-07-25 17:14:03,947 INFO immoweb: 41 Angebote
2026-07-25 17:14:03,948 INFO Quelle 'immoweb': 41 Treffer, 0 neu
2026-07-25 17:14:03,948 INFO Lauf beendet: 68 Treffer gesamt, 0 neu gesamt
2026-07-25 18:11:40,500 WARNING Quelle 'huurwoningen' nicht erreichbar: 403 Client Error: Forbidden for url: https://www.huurwoningen.nl/en/in/maastricht/
2026-07-25 18:11:42,333 INFO kamernet: 17 Listings im HTML
2026-07-25 18:11:42,334 INFO kamernet: 17 Listings nach Filterung
2026-07-25 18:11:42,334 INFO Quelle 'kamernet': 17 Treffer, 0 neu
2026-07-25 18:11:44,658 INFO mghousing: API lieferte 37 Objekte
2026-07-25 18:11:44,659 INFO mghousing: 5 Objekte nach Filterung
2026-07-25 18:11:44,661 INFO Quelle 'mghousing': 5 Treffer, 0 neu
2026-07-25 18:11:45,224 INFO wmm: 13 Angebote
2026-07-25 18:11:45,224 INFO Quelle 'wmm': 13 Treffer, 0 neu
2026-07-25 18:11:45,646 INFO maasland: 5 Angebote
2026-07-25 18:11:45,646 INFO Quelle 'maasland': 5 Treffer, 0 neu
2026-07-25 18:11:46,653 INFO immoweb: 41 Angebote
2026-07-25 18:11:46,654 INFO Quelle 'immoweb': 41 Treffer, 0 neu
2026-07-25 18:11:46,654 INFO Lauf beendet: 81 Treffer gesamt, 0 neu gesamt
2026-07-25 19:37:15,560 WARNING Quelle 'huurwoningen' nicht erreichbar: 403 Client Error: Forbidden for url: https://www.huurwoningen.nl/en/in/maastricht/
2026-07-25 19:37:16,759 INFO kamernet: 17 Listings im HTML
2026-07-25 19:37:16,759 INFO kamernet: 17 Listings nach Filterung
2026-07-25 19:37:16,759 INFO Quelle 'kamernet': 17 Treffer, 0 neu
2026-07-25 19:37:19,934 INFO mghousing: API lieferte 37 Objekte
2026-07-25 19:37:19,935 INFO mghousing: 5 Objekte nach Filterung
2026-07-25 19:37:19,936 INFO Quelle 'mghousing': 5 Treffer, 0 neu
2026-07-25 19:37:20,656 INFO wmm: 13 Angebote
2026-07-25 19:37:20,656 INFO Quelle 'wmm': 13 Treffer, 0 neu
2026-07-25 19:37:21,297 INFO maasland: 5 Angebote
2026-07-25 19:37:21,298 INFO Quelle 'maasland': 5 Treffer, 0 neu
2026-07-25 19:37:22,246 INFO immoweb: 41 Angebote
2026-07-25 19:37:22,247 INFO Quelle 'immoweb': 41 Treffer, 0 neu
2026-07-25 19:37:22,247 INFO Lauf beendet: 81 Treffer gesamt, 0 neu gesamt
2026-07-25 20:31:25,264 WARNING Quelle 'huurwoningen' nicht erreichbar: 403 Client Error: Forbidden for url: https://www.huurwoningen.nl/en/in/maastricht/
2026-07-25 20:31:26,579 INFO kamernet: 17 Listings im HTML
2026-07-25 20:31:26,579 INFO kamernet: 17 Listings nach Filterung
2026-07-25 20:31:26,579 INFO Quelle 'kamernet': 17 Treffer, 0 neu
2026-07-25 20:31:29,399 INFO mghousing: API lieferte 37 Objekte
2026-07-25 20:31:29,400 INFO mghousing: 5 Objekte nach Filterung
2026-07-25 20:31:29,402 INFO Quelle 'mghousing': 5 Treffer, 0 neu
2026-07-25 20:31:49,449 WARNING Quelle 'wmm' nicht erreichbar: HTTPSConnectionPool(host='wmm.nl', port=443): Max retries exceeded with url: /en/offers (Caused by ConnectTimeoutError(<HTTPSConnection(host='wmm.nl', port=443) at 0x7fefabcf39b0>, 'Connection to wmm.nl timed out. (connect timeout=20)'))
2026-07-25 20:31:50,251 INFO maasland: 5 Angebote
2026-07-25 20:31:50,251 INFO Quelle 'maasland': 5 Treffer, 0 neu
2026-07-25 20:31:51,477 INFO immoweb: 41 Angebote
2026-07-25 20:31:51,478 INFO Quelle 'immoweb': 41 Treffer, 0 neu
2026-07-25 20:31:51,478 INFO Lauf beendet: 68 Treffer gesamt, 0 neu gesamt
2026-07-25 21:31:15,482 WARNING Quelle 'huurwoningen' nicht erreichbar: 403 Client Error: Forbidden for url: https://www.huurwoningen.nl/en/in/maastricht/
2026-07-25 21:31:16,077 INFO kamernet: 17 Listings im HTML
2026-07-25 21:31:16,077 INFO kamernet: 17 Listings nach Filterung
2026-07-25 21:31:16,077 INFO Quelle 'kamernet': 17 Treffer, 0 neu
2026-07-25 21:31:17,915 INFO mghousing: API lieferte 37 Objekte
2026-07-25 21:31:17,915 INFO mghousing: 5 Objekte nach Filterung
2026-07-25 21:31:17,917 INFO Quelle 'mghousing': 5 Treffer, 0 neu
2026-07-25 21:31:37,948 WARNING Quelle 'wmm' nicht erreichbar: HTTPSConnectionPool(host='wmm.nl', port=443): Max retries exceeded with url: /en/offers (Caused by ConnectTimeoutError(<HTTPSConnection(host='wmm.nl', port=443) at 0x7f3991ac7d10>, 'Connection to wmm.nl timed out. (connect timeout=20)'))
2026-07-25 21:31:38,389 INFO maasland: 5 Angebote
2026-07-25 21:31:38,389 INFO Quelle 'maasland': 5 Treffer, 0 neu
2026-07-25 21:31:39,345 INFO immoweb: 41 Angebote
2026-07-25 21:31:39,346 INFO Quelle 'immoweb': 41 Treffer, 0 neu
2026-07-25 21:31:39,346 INFO Lauf beendet: 68 Treffer gesamt, 0 neu gesamt
2026-07-25 22:32:12,956 WARNING Quelle 'huurwoningen' nicht erreichbar: 403 Client Error: Forbidden for url: https://www.huurwoningen.nl/en/in/maastricht/
2026-07-25 22:32:13,863 INFO kamernet: 17 Listings im HTML
2026-07-25 22:32:13,864 INFO kamernet: 17 Listings nach Filterung
2026-07-25 22:32:13,864 INFO Quelle 'kamernet': 17 Treffer, 0 neu
2026-07-25 22:32:16,031 INFO mghousing: API lieferte 37 Objekte
2026-07-25 22:32:16,031 INFO mghousing: 5 Objekte nach Filterung
2026-07-25 22:32:16,033 INFO Quelle 'mghousing': 5 Treffer, 0 neu
2026-07-25 22:32:36,073 WARNING Quelle 'wmm' nicht erreichbar: HTTPSConnectionPool(host='wmm.nl', port=443): Max retries exceeded with url: /en/offers (Caused by ConnectTimeoutError(<HTTPSConnection(host='wmm.nl', port=443) at 0x7f086a133710>, 'Connection to wmm.nl timed out. (connect timeout=20)'))
2026-07-25 22:32:36,521 INFO maasland: 5 Angebote
2026-07-25 22:32:36,521 INFO Quelle 'maasland': 5 Treffer, 0 neu
2026-07-25 22:32:37,700 INFO immoweb: 41 Angebote
2026-07-25 22:32:37,701 INFO Quelle 'immoweb': 41 Treffer, 0 neu
2026-07-25 22:32:37,701 INFO Lauf beendet: 68 Treffer gesamt, 0 neu gesamt
2026-07-25 23:39:05,038 WARNING Quelle 'huurwoningen' nicht erreichbar: 403 Client Error: Forbidden for url: https://www.huurwoningen.nl/en/in/maastricht/
2026-07-25 23:39:05,794 INFO kamernet: 17 Listings im HTML
2026-07-25 23:39:05,795 INFO kamernet: 17 Listings nach Filterung
2026-07-25 23:39:05,795 INFO Quelle 'kamernet': 17 Treffer, 0 neu
2026-07-25 23:39:09,012 INFO mghousing: API lieferte 37 Objekte
2026-07-25 23:39:09,013 INFO mghousing: 5 Objekte nach Filterung
2026-07-25 23:39:09,014 INFO Quelle 'mghousing': 5 Treffer, 0 neu
2026-07-25 23:39:29,050 WARNING Quelle 'wmm' nicht erreichbar: HTTPSConnectionPool(host='wmm.nl', port=443): Max retries exceeded with url: /en/offers (Caused by ConnectTimeoutError(<HTTPSConnection(host='wmm.nl', port=443) at 0x7f016344bad0>, 'Connection to wmm.nl timed out. (connect timeout=20)'))
2026-07-25 23:39:29,693 INFO maasland: 5 Angebote
2026-07-25 23:39:29,693 INFO Quelle 'maasland': 5 Treffer, 0 neu
2026-07-25 23:39:30,804 INFO immoweb: 41 Angebote
2026-07-25 23:39:30,805 INFO Quelle 'immoweb': 41 Treffer, 0 neu
2026-07-25 23:39:30,805 INFO Lauf beendet: 68 Treffer gesamt, 0 neu gesamt
2026-07-26 01:15:31,649 WARNING Quelle 'huurwoningen' nicht erreichbar: 403 Client Error: Forbidden for url: https://www.huurwoningen.nl/en/in/maastricht/
2026-07-26 01:15:33,263 INFO kamernet: 17 Listings im HTML
2026-07-26 01:15:33,263 INFO kamernet: 17 Listings nach Filterung
2026-07-26 01:15:35,986 INFO Gesendet: Concordiastraat, Maastricht | €540 p.m. | https://kamernet.nl/en/for-rent/room-maastricht/concordiastraat/room-2395471
2026-07-26 01:15:38,696 INFO Gesendet: Concordiastraat, Maastricht | €560 p.m. | https://kamernet.nl/en/for-rent/room-maastricht/concordiastraat/room-2395470
2026-07-26 01:15:38,696 INFO Quelle 'kamernet': 17 Treffer, 2 neu
2026-07-26 01:15:41,603 INFO mghousing: API lieferte 37 Objekte
2026-07-26 01:15:41,604 INFO mghousing: 5 Objekte nach Filterung
2026-07-26 01:15:41,605 INFO Quelle 'mghousing': 5 Treffer, 0 neu
2026-07-26 01:16:01,635 WARNING Quelle 'wmm' nicht erreichbar: HTTPSConnectionPool(host='wmm.nl', port=443): Max retries exceeded with url: /en/offers (Caused by ConnectTimeoutError(<HTTPSConnection(host='wmm.nl', port=443) at 0x7f9419a6b7d0>, 'Connection to wmm.nl timed out. (connect timeout=20)'))
2026-07-26 01:16:02,351 INFO maasland: 5 Angebote
2026-07-26 01:16:04,865 INFO Gesendet: Franciscus Romanusweg, Maastricht Wyck | €895.27 /month (incl) | https://maaslandrelocation.nl/en/apartment/qe3vw0kx/franciscus-romanusweg-maastricht
2026-07-26 01:16:04,865 INFO Quelle 'maasland': 5 Treffer, 1 neu
2026-07-26 01:16:05,987 INFO immoweb: 41 Angebote
2026-07-26 01:16:05,988 INFO Quelle 'immoweb': 41 Treffer, 0 neu
2026-07-26 01:16:05,988 INFO Lauf beendet: 68 Treffer gesamt, 3 neu gesamt
2026-07-26 04:47:32,926 WARNING Quelle 'huurwoningen' nicht erreichbar: 403 Client Error: Forbidden for url: https://www.huurwoningen.nl/en/in/maastricht/
2026-07-26 04:47:33,663 INFO kamernet: 17 Listings im HTML
2026-07-26 04:47:33,663 INFO kamernet: 17 Listings nach Filterung
2026-07-26 04:47:33,664 INFO Quelle 'kamernet': 17 Treffer, 0 neu
2026-07-26 04:47:36,160 INFO mghousing: API lieferte 37 Objekte
2026-07-26 04:47:36,161 INFO mghousing: 5 Objekte nach Filterung
2026-07-26 04:47:36,162 INFO Quelle 'mghousing': 5 Treffer, 0 neu
2026-07-26 04:47:56,207 WARNING Quelle 'wmm' nicht erreichbar: HTTPSConnectionPool(host='wmm.nl', port=443): Max retries exceeded with url: /en/offers (Caused by ConnectTimeoutError(<HTTPSConnection(host='wmm.nl', port=443) at 0x7fc463fc3e90>, 'Connection to wmm.nl timed out. (connect timeout=20)'))
2026-07-26 04:47:56,702 INFO maasland: 5 Angebote
2026-07-26 04:47:56,702 INFO Quelle 'maasland': 5 Treffer, 0 neu
2026-07-26 04:47:57,569 INFO immoweb: 41 Angebote
2026-07-26 04:47:57,570 INFO Quelle 'immoweb': 41 Treffer, 0 neu
2026-07-26 04:47:57,570 INFO Lauf beendet: 68 Treffer gesamt, 0 neu gesamt
2026-07-26 07:27:54,865 WARNING Quelle 'huurwoningen' nicht erreichbar: 403 Client Error: Forbidden for url: https://www.huurwoningen.nl/en/in/maastricht/
2026-07-26 07:27:57,044 INFO kamernet: 17 Listings im HTML
2026-07-26 07:27:57,044 INFO kamernet: 17 Listings nach Filterung
2026-07-26 07:27:57,045 INFO Quelle 'kamernet': 17 Treffer, 0 neu
2026-07-26 07:28:00,015 INFO mghousing: API lieferte 37 Objekte
2026-07-26 07:28:00,015 INFO mghousing: 5 Objekte nach Filterung
2026-07-26 07:28:00,017 INFO Quelle 'mghousing': 5 Treffer, 0 neu
2026-07-26 07:28:00,590 INFO wmm: 13 Angebote
2026-07-26 07:28:00,590 INFO Quelle 'wmm': 13 Treffer, 0 neu
2026-07-26 07:28:01,070 INFO maasland: 5 Angebote
2026-07-26 07:28:01,070 INFO Quelle 'maasland': 5 Treffer, 0 neu
2026-07-26 07:28:01,965 INFO immoweb: 41 Angebote
2026-07-26 07:28:01,966 INFO Quelle 'immoweb': 41 Treffer, 0 neu
2026-07-26 07:28:01,966 INFO Lauf beendet: 81 Treffer gesamt, 0 neu gesamt
2026-07-26 09:36:18,035 WARNING Quelle 'huurwoningen' nicht erreichbar: 403 Client Error: Forbidden for url: https://www.huurwoningen.nl/en/in/maastricht/
2026-07-26 09:36:19,260 INFO kamernet: 17 Listings im HTML
2026-07-26 09:36:19,261 INFO kamernet: 17 Listings nach Filterung
2026-07-26 09:36:21,908 INFO Gesendet: Statensingel, Maastricht | €575 p.m. | https://kamernet.nl/en/for-rent/room-maastricht/statensingel/room-2395437
2026-07-26 09:36:21,908 INFO Quelle 'kamernet': 17 Treffer, 1 neu
2026-07-26 09:36:26,271 INFO mghousing: API lieferte 37 Objekte
2026-07-26 09:36:26,271 INFO mghousing: 5 Objekte nach Filterung
2026-07-26 09:36:26,272 INFO Quelle 'mghousing': 5 Treffer, 0 neu
2026-07-26 09:36:46,319 WARNING Quelle 'wmm' nicht erreichbar: HTTPSConnectionPool(host='wmm.nl', port=443): Max retries exceeded with url: /en/offers (Caused by ConnectTimeoutError(<HTTPSConnection(host='wmm.nl', port=443) at 0x7fa2da153980>, 'Connection to wmm.nl timed out. (connect timeout=20)'))
2026-07-26 09:36:47,098 INFO maasland: 5 Angebote
2026-07-26 09:36:47,098 INFO Quelle 'maasland': 5 Treffer, 0 neu
2026-07-26 09:36:48,147 INFO immoweb: 41 Angebote
2026-07-26 09:36:48,148 INFO Quelle 'immoweb': 41 Treffer, 0 neu
2026-07-26 09:36:48,148 INFO Lauf beendet: 68 Treffer gesamt, 1 neu gesamt
2026-07-26 11:08:44,416 WARNING Quelle 'huurwoningen' nicht erreichbar: 403 Client Error: Forbidden for url: https://www.huurwoningen.nl/en/in/maastricht/
2026-07-26 11:08:45,276 INFO kamernet: 17 Listings im HTML
2026-07-26 11:08:45,276 INFO kamernet: 17 Listings nach Filterung
2026-07-26 11:08:45,277 INFO Quelle 'kamernet': 17 Treffer, 0 neu
2026-07-26 11:08:47,854 INFO mghousing: API lieferte 37 Objekte
2026-07-26 11:08:47,854 INFO mghousing: 5 Objekte nach Filterung
2026-07-26 11:08:47,856 INFO Quelle 'mghousing': 5 Treffer, 0 neu
2026-07-26 11:08:48,552 INFO wmm: 12 Angebote
2026-07-26 11:08:48,552 INFO Quelle 'wmm': 12 Treffer, 0 neu
2026-07-26 11:08:49,197 INFO maasland: 5 Angebote
2026-07-26 11:08:49,197 INFO Quelle 'maasland': 5 Treffer, 0 neu
2026-07-26 11:08:50,542 INFO immoweb: 41 Angebote
2026-07-26 11:08:50,543 INFO Quelle 'immoweb': 41 Treffer, 0 neu
2026-07-26 11:08:50,543 INFO Lauf beendet: 80 Treffer gesamt, 0 neu gesamt
2026-07-26 12:17:07,926 WARNING Quelle 'huurwoningen' nicht erreichbar: 403 Client Error: Forbidden for url: https://www.huurwoningen.nl/en/in/maastricht/
2026-07-26 12:17:09,027 INFO kamernet: 17 Listings im HTML
2026-07-26 12:17:09,027 INFO kamernet: 17 Listings nach Filterung
2026-07-26 12:17:09,028 INFO Quelle 'kamernet': 17 Treffer, 0 neu
2026-07-26 12:17:11,844 INFO mghousing: API lieferte 37 Objekte
2026-07-26 12:17:11,844 INFO mghousing: 5 Objekte nach Filterung
2026-07-26 12:17:11,845 INFO Quelle 'mghousing': 5 Treffer, 0 neu
2026-07-26 12:17:31,876 WARNING Quelle 'wmm' nicht erreichbar: HTTPSConnectionPool(host='wmm.nl', port=443): Max retries exceeded with url: /en/offers (Caused by ConnectTimeoutError(<HTTPSConnection(host='wmm.nl', port=443) at 0x7f5bb459fd10>, 'Connection to wmm.nl timed out. (connect timeout=20)'))
2026-07-26 12:17:32,390 INFO maasland: 5 Angebote
2026-07-26 12:17:32,391 INFO Quelle 'maasland': 5 Treffer, 0 neu
2026-07-26 12:17:33,389 INFO immoweb: 41 Angebote
2026-07-26 12:17:33,390 INFO Quelle 'immoweb': 41 Treffer, 0 neu
2026-07-26 12:17:33,390 INFO Lauf beendet: 68 Treffer gesamt, 0 neu gesamt
2026-07-26 14:04:37,212 WARNING Quelle 'huurwoningen' nicht erreichbar: 403 Client Error: Forbidden for url: https://www.huurwoningen.nl/en/in/maastricht/
2026-07-26 14:04:37,737 INFO kamernet: 17 Listings im HTML
2026-07-26 14:04:37,738 INFO kamernet: 17 Listings nach Filterung
2026-07-26 14:04:37,738 INFO Quelle 'kamernet': 17 Treffer, 0 neu
2026-07-26 14:04:39,578 INFO mghousing: API lieferte 37 Objekte
2026-07-26 14:04:39,578 INFO mghousing: 5 Objekte nach Filterung
2026-07-26 14:04:39,580 INFO Quelle 'mghousing': 5 Treffer, 0 neu
2026-07-26 14:04:59,810 WARNING Quelle 'wmm' nicht erreichbar: HTTPSConnectionPool(host='wmm.nl', port=443): Max retries exceeded with url: /en/offers (Caused by ConnectTimeoutError(<HTTPSConnection(host='wmm.nl', port=443) at 0x7faa45ccbce0>, 'Connection to wmm.nl timed out. (connect timeout=20)'))
2026-07-26 14:05:00,535 INFO maasland: 5 Angebote
2026-07-26 14:05:00,535 INFO Quelle 'maasland': 5 Treffer, 0 neu
2026-07-26 14:05:01,644 INFO immoweb: 41 Angebote
2026-07-26 14:05:01,645 INFO Quelle 'immoweb': 41 Treffer, 0 neu
2026-07-26 14:05:01,645 INFO Lauf beendet: 68 Treffer gesamt, 0 neu gesamt
2026-07-26 15:18:15,964 WARNING Quelle 'huurwoningen' nicht erreichbar: 403 Client Error: Forbidden for url: https://www.huurwoningen.nl/en/in/maastricht/
2026-07-26 15:18:16,729 INFO kamernet: 17 Listings im HTML
2026-07-26 15:18:16,729 INFO kamernet: 17 Listings nach Filterung
2026-07-26 15:18:16,730 INFO Quelle 'kamernet': 17 Treffer, 0 neu
2026-07-26 15:18:21,317 INFO mghousing: API lieferte 37 Objekte
2026-07-26 15:18:21,318 INFO mghousing: 5 Objekte nach Filterung
2026-07-26 15:18:21,319 INFO Quelle 'mghousing': 5 Treffer, 0 neu
2026-07-26 15:18:41,387 WARNING Quelle 'wmm' nicht erreichbar: HTTPSConnectionPool(host='wmm.nl', port=443): Max retries exceeded with url: /en/offers (Caused by ConnectTimeoutError(<HTTPSConnection(host='wmm.nl', port=443) at 0x7fab088cfce0>, 'Connection to wmm.nl timed out. (connect timeout=20)'))
2026-07-26 15:18:42,050 INFO maasland: 5 Angebote
2026-07-26 15:18:42,050 INFO Quelle 'maasland': 5 Treffer, 0 neu
2026-07-26 15:18:43,656 INFO immoweb: 41 Angebote
2026-07-26 15:18:43,657 INFO Quelle 'immoweb': 41 Treffer, 0 neu
2026-07-26 15:18:43,657 INFO Lauf beendet: 68 Treffer gesamt, 0 neu gesamt
2026-07-26 16:27:42,010 WARNING Quelle 'huurwoningen' nicht erreichbar: 403 Client Error: Forbidden for url: https://www.huurwoningen.nl/en/in/maastricht/
2026-07-26 16:27:43,125 INFO kamernet: 17 Listings im HTML
2026-07-26 16:27:43,125 INFO kamernet: 17 Listings nach Filterung
2026-07-26 16:27:43,126 INFO Quelle 'kamernet': 17 Treffer, 0 neu
2026-07-26 16:27:45,475 INFO mghousing: API lieferte 37 Objekte
2026-07-26 16:27:45,476 INFO mghousing: 5 Objekte nach Filterung
2026-07-26 16:27:45,477 INFO Quelle 'mghousing': 5 Treffer, 0 neu
2026-07-26 16:28:05,515 WARNING Quelle 'wmm' nicht erreichbar: HTTPSConnectionPool(host='wmm.nl', port=443): Max retries exceeded with url: /en/offers (Caused by ConnectTimeoutError(<HTTPSConnection(host='wmm.nl', port=443) at 0x7f899d3b3b00>, 'Connection to wmm.nl timed out. (connect timeout=20)'))
2026-07-26 16:28:05,961 INFO maasland: 5 Angebote
2026-07-26 16:28:05,961 INFO Quelle 'maasland': 5 Treffer, 0 neu
2026-07-26 16:28:07,180 INFO immoweb: 41 Angebote
2026-07-26 16:28:07,181 INFO Quelle 'immoweb': 41 Treffer, 0 neu
2026-07-26 16:28:07,181 INFO Lauf beendet: 68 Treffer gesamt, 0 neu gesamt
2026-07-26 17:37:12,929 WARNING Quelle 'huurwoningen' nicht erreichbar: 403 Client Error: Forbidden for url: https://www.huurwoningen.nl/en/in/maastricht/
2026-07-26 17:37:14,269 INFO kamernet: 17 Listings im HTML
2026-07-26 17:37:14,269 INFO kamernet: 17 Listings nach Filterung
2026-07-26 17:37:14,270 INFO Quelle 'kamernet': 17 Treffer, 0 neu
2026-07-26 17:37:16,816 INFO mghousing: API lieferte 37 Objekte
2026-07-26 17:37:16,816 INFO mghousing: 5 Objekte nach Filterung
2026-07-26 17:37:16,818 INFO Quelle 'mghousing': 5 Treffer, 0 neu
2026-07-26 17:37:37,037 WARNING Quelle 'wmm' nicht erreichbar: HTTPSConnectionPool(host='wmm.nl', port=443): Max retries exceeded with url: /en/offers (Caused by ConnectTimeoutError(<HTTPSConnection(host='wmm.nl', port=443) at 0x7f062768b7d0>, 'Connection to wmm.nl timed out. (connect timeout=20)'))
2026-07-26 17:37:37,796 INFO maasland: 5 Angebote
2026-07-26 17:37:37,796 INFO Quelle 'maasland': 5 Treffer, 0 neu
2026-07-26 17:37:38,875 INFO immoweb: 41 Angebote
2026-07-26 17:37:38,876 INFO Quelle 'immoweb': 41 Treffer, 0 neu
2026-07-26 17:37:38,876 INFO Lauf beendet: 68 Treffer gesamt, 0 neu gesamt
2026-07-26 18:42:17,088 WARNING Quelle 'huurwoningen' nicht erreichbar: 403 Client Error: Forbidden for url: https://www.huurwoningen.nl/en/in/maastricht/
2026-07-26 18:42:17,852 INFO kamernet: 17 Listings im HTML
2026-07-26 18:42:17,852 INFO kamernet: 17 Listings nach Filterung
2026-07-26 18:42:17,853 INFO Quelle 'kamernet': 17 Treffer, 0 neu
2026-07-26 18:42:20,616 INFO mghousing: API lieferte 37 Objekte
2026-07-26 18:42:20,616 INFO mghousing: 5 Objekte nach Filterung
2026-07-26 18:42:20,618 INFO Quelle 'mghousing': 5 Treffer, 0 neu
2026-07-26 18:42:21,367 INFO wmm: 12 Angebote
2026-07-26 18:42:21,367 INFO Quelle 'wmm': 12 Treffer, 0 neu
2026-07-26 18:42:22,000 INFO maasland: 5 Angebote
2026-07-26 18:42:22,000 INFO Quelle 'maasland': 5 Treffer, 0 neu
2026-07-26 18:42:22,891 INFO immoweb: 41 Angebote
2026-07-26 18:42:22,892 INFO Quelle 'immoweb': 41 Treffer, 0 neu
2026-07-26 18:42:22,892 INFO Lauf beendet: 80 Treffer gesamt, 0 neu gesamt
2026-07-26 19:57:02,679 WARNING Quelle 'huurwoningen' nicht erreichbar: 403 Client Error: Forbidden for url: https://www.huurwoningen.nl/en/in/maastricht/
2026-07-26 19:57:03,203 INFO kamernet: 17 Listings im HTML
2026-07-26 19:57:03,203 INFO kamernet: 17 Listings nach Filterung
2026-07-26 19:57:03,204 INFO Quelle 'kamernet': 17 Treffer, 0 neu
2026-07-26 19:57:05,343 INFO mghousing: API lieferte 37 Objekte
2026-07-26 19:57:05,343 INFO mghousing: 5 Objekte nach Filterung
2026-07-26 19:57:05,346 INFO Quelle 'mghousing': 5 Treffer, 0 neu
2026-07-26 19:57:25,404 WARNING Quelle 'wmm' nicht erreichbar: HTTPSConnectionPool(host='wmm.nl', port=443): Max retries exceeded with url: /en/offers (Caused by ConnectTimeoutError(<HTTPSConnection(host='wmm.nl', port=443) at 0x7fd0dbb77890>, 'Connection to wmm.nl timed out. (connect timeout=20)'))
2026-07-26 19:57:25,883 INFO maasland: 5 Angebote
2026-07-26 19:57:25,883 INFO Quelle 'maasland': 5 Treffer, 0 neu
2026-07-26 19:57:26,757 INFO immoweb: 41 Angebote
2026-07-26 19:57:26,758 INFO Quelle 'immoweb': 41 Treffer, 0 neu
2026-07-26 19:57:26,758 INFO Lauf beendet: 68 Treffer gesamt, 0 neu gesamt
2026-07-26 21:06:44,848 WARNING Quelle 'huurwoningen' nicht erreichbar: 403 Client Error: Forbidden for url: https://www.huurwoningen.nl/en/in/maastricht/
2026-07-26 21:06:45,541 INFO kamernet: 17 Listings im HTML
2026-07-26 21:06:45,541 INFO kamernet: 17 Listings nach Filterung
2026-07-26 21:06:45,542 INFO Quelle 'kamernet': 17 Treffer, 0 neu
2026-07-26 21:06:48,220 INFO mghousing: API lieferte 37 Objekte
2026-07-26 21:06:48,220 INFO mghousing: 5 Objekte nach Filterung
2026-07-26 21:06:48,222 INFO Quelle 'mghousing': 5 Treffer, 0 neu
2026-07-26 21:06:48,887 INFO wmm: 12 Angebote
2026-07-26 21:06:48,887 INFO Quelle 'wmm': 12 Treffer, 0 neu
2026-07-26 21:06:49,485 INFO maasland: 5 Angebote
2026-07-26 21:06:49,486 INFO Quelle 'maasland': 5 Treffer, 0 neu
2026-07-26 21:06:50,498 INFO immoweb: 41 Angebote
2026-07-26 21:06:50,499 INFO Quelle 'immoweb': 41 Treffer, 0 neu
2026-07-26 21:06:50,499 INFO Lauf beendet: 80 Treffer gesamt, 0 neu gesamt
2026-07-26 22:12:13,393 WARNING Quelle 'huurwoningen' nicht erreichbar: 403 Client Error: Forbidden for url: https://www.huurwoningen.nl/en/in/maastricht/
2026-07-26 22:12:14,314 INFO kamernet: 17 Listings im HTML
2026-07-26 22:12:14,314 INFO kamernet: 17 Listings nach Filterung
2026-07-26 22:12:14,314 INFO Quelle 'kamernet': 17 Treffer, 0 neu
2026-07-26 22:12:16,702 INFO mghousing: API lieferte 37 Objekte
2026-07-26 22:12:16,702 INFO mghousing: 5 Objekte nach Filterung
2026-07-26 22:12:16,703 INFO Quelle 'mghousing': 5 Treffer, 0 neu
2026-07-26 22:12:36,747 WARNING Quelle 'wmm' nicht erreichbar: HTTPSConnectionPool(host='wmm.nl', port=443): Max retries exceeded with url: /en/offers (Caused by ConnectTimeoutError(<HTTPSConnection(host='wmm.nl', port=443) at 0x7f8ab889bdd0>, 'Connection to wmm.nl timed out. (connect timeout=20)'))
2026-07-26 22:12:37,371 INFO maasland: 5 Angebote
2026-07-26 22:12:37,372 INFO Quelle 'maasland': 5 Treffer, 0 neu
2026-07-26 22:12:38,373 INFO immoweb: 41 Angebote
2026-07-26 22:12:38,374 INFO Quelle 'immoweb': 41 Treffer, 0 neu
2026-07-26 22:12:38,374 INFO Lauf beendet: 68 Treffer gesamt, 0 neu gesamt
2026-07-26 23:14:59,897 WARNING Quelle 'huurwoningen' nicht erreichbar: 403 Client Error: Forbidden for url: https://www.huurwoningen.nl/en/in/maastricht/
2026-07-26 23:15:01,370 INFO kamernet: 17 Listings im HTML
2026-07-26 23:15:01,370 INFO kamernet: 17 Listings nach Filterung
2026-07-26 23:15:01,371 INFO Quelle 'kamernet': 17 Treffer, 0 neu
2026-07-26 23:15:05,691 INFO mghousing: API lieferte 37 Objekte
2026-07-26 23:15:05,692 INFO mghousing: 5 Objekte nach Filterung
2026-07-26 23:15:05,693 INFO Quelle 'mghousing': 5 Treffer, 0 neu
2026-07-26 23:15:06,691 INFO wmm: 12 Angebote
2026-07-26 23:15:06,692 INFO Quelle 'wmm': 12 Treffer, 0 neu
2026-07-26 23:15:07,375 INFO maasland: 5 Angebote
2026-07-26 23:15:07,376 INFO Quelle 'maasland': 5 Treffer, 0 neu
2026-07-26 23:15:08,427 INFO immoweb: 41 Angebote
2026-07-26 23:15:08,428 INFO Quelle 'immoweb': 41 Treffer, 0 neu
2026-07-26 23:15:08,429 INFO Lauf beendet: 80 Treffer gesamt, 0 neu gesamt
2026-07-27 00:17:16,989 WARNING Quelle 'huurwoningen' nicht erreichbar: 403 Client Error: Forbidden for url: https://www.huurwoningen.nl/en/in/maastricht/
2026-07-27 00:17:18,638 INFO kamernet: 17 Listings im HTML
2026-07-27 00:17:18,638 INFO kamernet: 17 Listings nach Filterung
2026-07-27 00:17:18,639 INFO Quelle 'kamernet': 17 Treffer, 0 neu
2026-07-27 00:17:20,294 INFO mghousing: API lieferte 37 Objekte
2026-07-27 00:17:20,294 INFO mghousing: 5 Objekte nach Filterung
2026-07-27 00:17:20,296 INFO Quelle 'mghousing': 5 Treffer, 0 neu
2026-07-27 00:17:20,872 INFO wmm: 12 Angebote
2026-07-27 00:17:20,872 INFO Quelle 'wmm': 12 Treffer, 0 neu
2026-07-27 00:17:21,519 INFO maasland: 3 Angebote
2026-07-27 00:17:24,163 INFO Gesendet: Sint Annalaan, Maastricht Binnenstad | €676.47 /month (incl) | https://maaslandrelocation.nl/en/apartment/l1px0pko/sint-annalaan-maastricht
2026-07-27 00:17:24,163 INFO Quelle 'maasland': 3 Treffer, 1 neu
2026-07-27 00:17:25,215 INFO immoweb: 41 Angebote
2026-07-27 00:17:25,216 INFO Quelle 'immoweb': 41 Treffer, 0 neu
2026-07-27 00:17:25,216 INFO Lauf beendet: 78 Treffer gesamt, 1 neu gesamt
2026-07-27 04:11:58,389 WARNING Quelle 'huurwoningen' nicht erreichbar: 403 Client Error: Forbidden for url: https://www.huurwoningen.nl/en/in/maastricht/
2026-07-27 04:11:58,863 INFO kamernet: 17 Listings im HTML
2026-07-27 04:11:58,863 INFO kamernet: 17 Listings nach Filterung
2026-07-27 04:12:01,192 INFO Gesendet: Keurmeestersplein, Maastricht | €437 p.m. | https://kamernet.nl/en/for-rent/room-maastricht/keurmeestersplein/room-2366650
2026-07-27 04:12:03,341 INFO Gesendet: Keurmeestersplein, Maastricht | €565 p.m. | https://kamernet.nl/en/for-rent/room-maastricht/keurmeestersplein/room-2389549
2026-07-27 04:12:03,341 INFO Quelle 'kamernet': 17 Treffer, 2 neu
2026-07-27 04:12:05,216 INFO mghousing: API lieferte 37 Objekte
2026-07-27 04:12:05,216 INFO mghousing: 5 Objekte nach Filterung
2026-07-27 04:12:05,218 INFO Quelle 'mghousing': 5 Treffer, 0 neu
2026-07-27 04:12:25,256 WARNING Quelle 'wmm' nicht erreichbar: HTTPSConnectionPool(host='wmm.nl', port=443): Max retries exceeded with url: /en/offers (Caused by ConnectTimeoutError(<HTTPSConnection(host='wmm.nl', port=443) at 0x7f36708e0ad0>, 'Connection to wmm.nl timed out. (connect timeout=20)'))
2026-07-27 04:12:25,715 INFO maasland: 3 Angebote
2026-07-27 04:12:25,715 INFO Quelle 'maasland': 3 Treffer, 0 neu
2026-07-27 04:12:26,647 INFO immoweb: 41 Angebote
2026-07-27 04:12:26,648 INFO Quelle 'immoweb': 41 Treffer, 0 neu
2026-07-27 04:12:26,648 INFO Lauf beendet: 66 Treffer gesamt, 2 neu gesamt
2026-07-27 07:54:30,135 WARNING Quelle 'huurwoningen' nicht erreichbar: 403 Client Error: Forbidden for url: https://www.huurwoningen.nl/en/in/maastricht/
2026-07-27 07:54:30,713 INFO kamernet: 17 Listings im HTML
2026-07-27 07:54:30,714 INFO kamernet: 17 Listings nach Filterung
2026-07-27 07:54:30,714 INFO Quelle 'kamernet': 17 Treffer, 0 neu
2026-07-27 07:54:32,645 INFO mghousing: API lieferte 37 Objekte
2026-07-27 07:54:32,646 INFO mghousing: 5 Objekte nach Filterung
2026-07-27 07:54:32,647 INFO Quelle 'mghousing': 5 Treffer, 0 neu
2026-07-27 07:54:52,680 WARNING Quelle 'wmm' nicht erreichbar: HTTPSConnectionPool(host='wmm.nl', port=443): Max retries exceeded with url: /en/offers (Caused by ConnectTimeoutError(<HTTPSConnection(host='wmm.nl', port=443) at 0x7f508f477740>, 'Connection to wmm.nl timed out. (connect timeout=20)'))
2026-07-27 07:54:53,153 INFO maasland: 6 Angebote
2026-07-27 07:54:55,581 INFO Gesendet: Putstraat, Sittard | €821.85 /month (incl) | https://maaslandrelocation.nl/en/apartment/xkyj82kj/putstraat-sittard
2026-07-27 07:54:57,593 INFO Gesendet: Putstraat, Sittard | €804.66 /month (incl) | https://maaslandrelocation.nl/en/apartment/x1gl8wkn/putstraat-sittard
2026-07-27 07:54:59,810 INFO Gesendet: Putstraat, Sittard | €791.00 /month (incl) | https://maaslandrelocation.nl/en/apartment/qe37oxkx/putstraat-sittard
2026-07-27 07:54:59,810 INFO Quelle 'maasland': 6 Treffer, 3 neu
2026-07-27 07:55:01,417 INFO immoweb: 41 Angebote
2026-07-27 07:55:01,418 INFO Quelle 'immoweb': 41 Treffer, 0 neu
2026-07-27 07:55:01,418 INFO Lauf beendet: 69 Treffer gesamt, 3 neu gesamt
2026-07-27 11:29:13,557 WARNING Quelle 'huurwoningen' nicht erreichbar: 403 Client Error: Forbidden for url: https://www.huurwoningen.nl/en/in/maastricht/
2026-07-27 11:29:14,132 INFO kamernet: 17 Listings im HTML
2026-07-27 11:29:14,132 INFO kamernet: 17 Listings nach Filterung
2026-07-27 11:29:14,132 INFO Quelle 'kamernet': 17 Treffer, 0 neu
2026-07-27 11:29:16,521 INFO mghousing: API lieferte 37 Objekte
2026-07-27 11:29:16,522 INFO mghousing: 5 Objekte nach Filterung
2026-07-27 11:29:19,032 INFO Gesendet: Demertstraat 53 | €595 p.m. | https://mghousing.nl/en/listings/rentals/6a44d739c8e653761e3191a5
2026-07-27 11:29:19,032 INFO Quelle 'mghousing': 5 Treffer, 1 neu
2026-07-27 11:29:39,062 WARNING Quelle 'wmm' nicht erreichbar: HTTPSConnectionPool(host='wmm.nl', port=443): Max retries exceeded with url: /en/offers (Caused by ConnectTimeoutError(<HTTPSConnection(host='wmm.nl', port=443) at 0x7f400b4a3ec0>, 'Connection to wmm.nl timed out. (connect timeout=20)'))
2026-07-27 11:29:39,671 INFO maasland: 6 Angebote
2026-07-27 11:29:39,671 INFO Quelle 'maasland': 6 Treffer, 0 neu
2026-07-27 11:29:40,755 INFO immoweb: 40 Angebote
2026-07-27 11:29:40,756 INFO Quelle 'immoweb': 40 Treffer, 0 neu
2026-07-27 11:29:40,756 INFO Lauf beendet: 68 Treffer gesamt, 1 neu gesamt
2026-07-27 13:55:13,928 WARNING Quelle 'huurwoningen' nicht erreichbar: 403 Client Error: Forbidden for url: https://www.huurwoningen.nl/en/in/maastricht/
2026-07-27 13:55:14,467 INFO kamernet: 17 Listings im HTML
2026-07-27 13:55:14,467 INFO kamernet: 17 Listings nach Filterung
2026-07-27 13:55:14,468 INFO Quelle 'kamernet': 17 Treffer, 0 neu
2026-07-27 13:55:16,213 INFO mghousing: API lieferte 38 Objekte
2026-07-27 13:55:16,214 INFO mghousing: 5 Objekte nach Filterung
2026-07-27 13:55:16,215 INFO Quelle 'mghousing': 5 Treffer, 0 neu
2026-07-27 13:55:36,249 WARNING Quelle 'wmm' nicht erreichbar: HTTPSConnectionPool(host='wmm.nl', port=443): Max retries exceeded with url: /en/offers (Caused by ConnectTimeoutError(<HTTPSConnection(host='wmm.nl', port=443) at 0x7fbd66c67c80>, 'Connection to wmm.nl timed out. (connect timeout=20)'))
2026-07-27 13:55:36,700 INFO maasland: 6 Angebote
2026-07-27 13:55:36,701 INFO Quelle 'maasland': 6 Treffer, 0 neu
2026-07-27 13:55:37,649 INFO immoweb: 40 Angebote
2026-07-27 13:55:37,650 INFO Quelle 'immoweb': 40 Treffer, 0 neu
2026-07-27 13:55:37,650 INFO Lauf beendet: 68 Treffer gesamt, 0 neu gesamt
2026-07-27 16:26:01,252 WARNING Quelle 'huurwoningen' nicht erreichbar: 403 Client Error: Forbidden for url: https://www.huurwoningen.nl/en/in/maastricht/
2026-07-27 16:26:02,066 INFO kamernet: 17 Listings im HTML
2026-07-27 16:26:02,066 INFO kamernet: 17 Listings nach Filterung
2026-07-27 16:26:02,067 INFO Quelle 'kamernet': 17 Treffer, 0 neu
2026-07-27 16:26:05,763 INFO mghousing: API lieferte 38 Objekte
2026-07-27 16:26:05,763 INFO mghousing: 5 Objekte nach Filterung
2026-07-27 16:26:05,764 INFO Quelle 'mghousing': 5 Treffer, 0 neu
2026-07-27 16:26:25,801 WARNING Quelle 'wmm' nicht erreichbar: HTTPSConnectionPool(host='wmm.nl', port=443): Max retries exceeded with url: /en/offers (Caused by ConnectTimeoutError(<HTTPSConnection(host='wmm.nl', port=443) at 0x7f6711a772c0>, 'Connection to wmm.nl timed out. (connect timeout=20)'))
2026-07-27 16:26:26,474 INFO maasland: 6 Angebote
2026-07-27 16:26:26,474 INFO Quelle 'maasland': 6 Treffer, 0 neu
2026-07-27 16:26:27,760 INFO immoweb: 40 Angebote
2026-07-27 16:26:27,761 INFO Quelle 'immoweb': 40 Treffer, 0 neu
2026-07-27 16:26:27,761 INFO Lauf beendet: 68 Treffer gesamt, 0 neu gesamt
2026-07-27 18:07:59,362 WARNING Quelle 'huurwoningen' nicht erreichbar: 403 Client Error: Forbidden for url: https://www.huurwoningen.nl/en/in/maastricht/
2026-07-27 18:07:59,890 INFO kamernet: 17 Listings im HTML
2026-07-27 18:07:59,890 INFO kamernet: 17 Listings nach Filterung
2026-07-27 18:07:59,891 INFO Quelle 'kamernet': 17 Treffer, 0 neu
2026-07-27 18:08:02,495 INFO mghousing: API lieferte 38 Objekte
2026-07-27 18:08:02,496 INFO mghousing: 5 Objekte nach Filterung
2026-07-27 18:08:02,497 INFO Quelle 'mghousing': 5 Treffer, 0 neu
2026-07-27 18:08:03,296 INFO wmm: 15 Angebote
2026-07-27 18:08:05,941 INFO Gesendet: Sint Antoniuslaan 11, Maastricht | €524,04 / month (incl.) | https://wmm.nl/en/offers/maastricht/sint-antoniuslaan-11/7457
2026-07-27 18:08:08,365 INFO Gesendet: Jekerstraat 35, Maastricht | €755,41 / month (incl.) | https://wmm.nl/en/offers/maastricht/jekerstraat-35/7902
2026-07-27 18:08:10,750 INFO Gesendet: Sint Maartenslaan 4, Maastricht | €689,45 / month (incl.) | https://wmm.nl/en/offers/maastricht/sint-maartenslaan-4/8176
2026-07-27 18:08:13,292 INFO Gesendet: Populierweg 51, Maastricht | €735,47 / month (incl.) | https://wmm.nl/en/offers/maastricht/populierweg-51/8511
2026-07-27 18:08:15,706 INFO Gesendet: Populierweg 53A, Maastricht | €799,57 / month (incl.) | https://wmm.nl/en/offers/maastricht/populierweg-53a/8946
2026-07-27 18:08:15,706 INFO Quelle 'wmm': 15 Treffer, 5 neu
2026-07-27 18:08:16,449 INFO maasland: 6 Angebote
2026-07-27 18:08:16,450 INFO Quelle 'maasland': 6 Treffer, 0 neu
2026-07-27 18:08:17,424 INFO immoweb: 40 Angebote
2026-07-27 18:08:19,836 INFO Gesendet: Allée Verte, 35, 4600 Vise | €800 p.m. | https://www.immoweb.be/en/classified/21733091
2026-07-27 18:08:19,837 INFO Quelle 'immoweb': 40 Treffer, 1 neu
2026-07-27 18:08:19,837 INFO Lauf beendet: 83 Treffer gesamt, 6 neu gesamt
2026-07-27 19:55:08,636 WARNING Quelle 'huurwoningen' nicht erreichbar: 403 Client Error: Forbidden for url: https://www.huurwoningen.nl/en/in/maastricht/
2026-07-27 19:55:09,644 INFO kamernet: 17 Listings im HTML
2026-07-27 19:55:09,645 INFO kamernet: 17 Listings nach Filterung
2026-07-27 19:55:09,645 INFO Quelle 'kamernet': 17 Treffer, 0 neu
2026-07-27 19:55:12,237 INFO mghousing: API lieferte 38 Objekte
2026-07-27 19:55:12,237 INFO mghousing: 5 Objekte nach Filterung
2026-07-27 19:55:12,239 INFO Quelle 'mghousing': 5 Treffer, 0 neu
2026-07-27 19:55:13,115 INFO wmm: 15 Angebote
2026-07-27 19:55:13,115 INFO Quelle 'wmm': 15 Treffer, 0 neu
2026-07-27 19:55:13,864 INFO maasland: 6 Angebote
2026-07-27 19:55:13,864 INFO Quelle 'maasland': 6 Treffer, 0 neu
2026-07-27 19:55:14,884 INFO immoweb: 40 Angebote
2026-07-27 19:55:14,885 INFO Quelle 'immoweb': 40 Treffer, 0 neu
2026-07-27 19:55:14,885 INFO Lauf beendet: 83 Treffer gesamt, 0 neu gesamt
2026-07-27 21:16:40,528 WARNING Quelle 'huurwoningen' nicht erreichbar: 403 Client Error: Forbidden for url: https://www.huurwoningen.nl/en/in/maastricht/
2026-07-27 21:16:41,362 INFO kamernet: 17 Listings im HTML
2026-07-27 21:16:41,363 INFO kamernet: 17 Listings nach Filterung
2026-07-27 21:16:41,363 INFO Quelle 'kamernet': 17 Treffer, 0 neu
2026-07-27 21:16:45,055 INFO mghousing: API lieferte 38 Objekte
2026-07-27 21:16:45,055 INFO mghousing: 5 Objekte nach Filterung
2026-07-27 21:16:45,057 INFO Quelle 'mghousing': 5 Treffer, 0 neu
2026-07-27 21:16:45,903 INFO wmm: 15 Angebote
2026-07-27 21:16:45,904 INFO Quelle 'wmm': 15 Treffer, 0 neu
2026-07-27 21:16:46,528 INFO maasland: 6 Angebote
2026-07-27 21:16:46,528 INFO Quelle 'maasland': 6 Treffer, 0 neu
2026-07-27 21:16:47,638 INFO immoweb: 40 Angebote
2026-07-27 21:16:47,639 INFO Quelle 'immoweb': 40 Treffer, 0 neu
2026-07-27 21:16:47,639 INFO Lauf beendet: 83 Treffer gesamt, 0 neu gesamt
2026-07-27 22:30:50,777 WARNING Quelle 'huurwoningen' nicht erreichbar: 403 Client Error: Forbidden for url: https://www.huurwoningen.nl/en/in/maastricht/
2026-07-27 22:30:51,368 INFO kamernet: 17 Listings im HTML
2026-07-27 22:30:51,368 INFO kamernet: 17 Listings nach Filterung
2026-07-27 22:30:51,369 INFO Quelle 'kamernet': 17 Treffer, 0 neu
2026-07-27 22:30:53,352 INFO mghousing: API lieferte 38 Objekte
2026-07-27 22:30:53,353 INFO mghousing: 5 Objekte nach Filterung
2026-07-27 22:30:53,354 INFO Quelle 'mghousing': 5 Treffer, 0 neu
2026-07-27 22:31:13,380 WARNING Quelle 'wmm' nicht erreichbar: HTTPSConnectionPool(host='wmm.nl', port=443): Max retries exceeded with url: /en/offers (Caused by ConnectTimeoutError(<HTTPSConnection(host='wmm.nl', port=443) at 0x7fb3415cf9e0>, 'Connection to wmm.nl timed out. (connect timeout=20)'))
2026-07-27 22:31:13,846 INFO maasland: 6 Angebote
2026-07-27 22:31:13,846 INFO Quelle 'maasland': 6 Treffer, 0 neu
2026-07-27 22:31:14,864 INFO immoweb: 40 Angebote
2026-07-27 22:31:14,865 INFO Quelle 'immoweb': 40 Treffer, 0 neu
2026-07-27 22:31:14,865 INFO Lauf beendet: 68 Treffer gesamt, 0 neu gesamt
2026-07-27 23:40:44,842 WARNING Quelle 'huurwoningen' nicht erreichbar: 403 Client Error: Forbidden for url: https://www.huurwoningen.nl/en/in/maastricht/
2026-07-27 23:40:45,615 INFO kamernet: 17 Listings im HTML
2026-07-27 23:40:45,615 INFO kamernet: 17 Listings nach Filterung
2026-07-27 23:40:45,616 INFO Quelle 'kamernet': 17 Treffer, 0 neu
2026-07-27 23:40:48,929 INFO mghousing: API lieferte 38 Objekte
2026-07-27 23:40:48,930 INFO mghousing: 5 Objekte nach Filterung
2026-07-27 23:40:48,931 INFO Quelle 'mghousing': 5 Treffer, 0 neu
2026-07-27 23:40:49,691 INFO wmm: 15 Angebote
2026-07-27 23:40:49,691 INFO Quelle 'wmm': 15 Treffer, 0 neu
2026-07-27 23:40:50,473 INFO maasland: 6 Angebote
2026-07-27 23:40:50,473 INFO Quelle 'maasland': 6 Treffer, 0 neu
2026-07-27 23:40:51,631 INFO immoweb: 40 Angebote
2026-07-27 23:40:51,632 INFO Quelle 'immoweb': 40 Treffer, 0 neu
2026-07-27 23:40:51,632 INFO Lauf beendet: 83 Treffer gesamt, 0 neu gesamt
2026-07-28 01:06:47,447 WARNING Quelle 'huurwoningen' nicht erreichbar: 403 Client Error: Forbidden for url: https://www.huurwoningen.nl/en/in/maastricht/
2026-07-28 01:06:48,945 INFO kamernet: 17 Listings im HTML
2026-07-28 01:06:48,946 INFO kamernet: 17 Listings nach Filterung
2026-07-28 01:06:48,946 INFO Quelle 'kamernet': 17 Treffer, 0 neu
2026-07-28 01:06:51,147 INFO mghousing: API lieferte 38 Objekte
2026-07-28 01:06:51,148 INFO mghousing: 5 Objekte nach Filterung
2026-07-28 01:06:51,149 INFO Quelle 'mghousing': 5 Treffer, 0 neu
2026-07-28 01:07:11,175 WARNING Quelle 'wmm' nicht erreichbar: HTTPSConnectionPool(host='wmm.nl', port=443): Max retries exceeded with url: /en/offers (Caused by ConnectTimeoutError(<HTTPSConnection(host='wmm.nl', port=443) at 0x7f22fa3ff5f0>, 'Connection to wmm.nl timed out. (connect timeout=20)'))
2026-07-28 01:07:11,679 INFO maasland: 5 Angebote
2026-07-28 01:07:11,679 INFO Quelle 'maasland': 5 Treffer, 0 neu
2026-07-28 01:07:12,812 INFO immoweb: 40 Angebote
2026-07-28 01:07:12,813 INFO Quelle 'immoweb': 40 Treffer, 0 neu
2026-07-28 01:07:12,813 INFO Lauf beendet: 67 Treffer gesamt, 0 neu gesamt
2026-07-28 04:27:00,601 WARNING Quelle 'huurwoningen' nicht erreichbar: 403 Client Error: Forbidden for url: https://www.huurwoningen.nl/en/in/maastricht/
2026-07-28 04:27:01,494 INFO kamernet: 17 Listings im HTML
2026-07-28 04:27:01,494 INFO kamernet: 17 Listings nach Filterung
2026-07-28 04:27:01,495 INFO Quelle 'kamernet': 17 Treffer, 0 neu
2026-07-28 04:27:04,751 INFO mghousing: API lieferte 38 Objekte
2026-07-28 04:27:04,751 INFO mghousing: 5 Objekte nach Filterung
2026-07-28 04:27:04,753 INFO Quelle 'mghousing': 5 Treffer, 0 neu
2026-07-28 04:27:24,822 WARNING Quelle 'wmm' nicht erreichbar: HTTPSConnectionPool(host='wmm.nl', port=443): Max retries exceeded with url: /en/offers (Caused by ConnectTimeoutError(<HTTPSConnection(host='wmm.nl', port=443) at 0x7f66f75f34a0>, 'Connection to wmm.nl timed out. (connect timeout=20)'))
2026-07-28 04:27:25,437 INFO maasland: 5 Angebote
2026-07-28 04:27:25,437 INFO Quelle 'maasland': 5 Treffer, 0 neu
2026-07-28 04:27:26,675 INFO immoweb: 40 Angebote
2026-07-28 04:27:26,676 INFO Quelle 'immoweb': 40 Treffer, 0 neu
2026-07-28 04:27:26,676 INFO Lauf beendet: 67 Treffer gesamt, 0 neu gesamt
2026-07-28 07:18:38,108 WARNING Quelle 'huurwoningen' nicht erreichbar: 403 Client Error: Forbidden for url: https://www.huurwoningen.nl/en/in/maastricht/
2026-07-28 07:18:38,760 INFO kamernet: 17 Listings im HTML
2026-07-28 07:18:38,760 INFO kamernet: 17 Listings nach Filterung
2026-07-28 07:18:41,608 INFO Gesendet: Nassaulaan, Maastricht | €613 p.m. | https://kamernet.nl/en/for-rent/room-maastricht/nassaulaan/room-2395906
2026-07-28 07:18:41,609 INFO Quelle 'kamernet': 17 Treffer, 1 neu
2026-07-28 07:18:45,328 INFO mghousing: API lieferte 40 Objekte
2026-07-28 07:18:45,328 INFO mghousing: 5 Objekte nach Filterung
2026-07-28 07:18:45,330 INFO Quelle 'mghousing': 5 Treffer, 0 neu
2026-07-28 07:18:46,224 INFO wmm: 14 Angebote
2026-07-28 07:18:46,224 INFO Quelle 'wmm': 14 Treffer, 0 neu
2026-07-28 07:18:46,999 INFO maasland: 5 Angebote
2026-07-28 07:18:46,999 INFO Quelle 'maasland': 5 Treffer, 0 neu
2026-07-28 07:18:49,260 INFO immoweb: 40 Angebote
2026-07-28 07:18:49,261 INFO Quelle 'immoweb': 40 Treffer, 0 neu
2026-07-28 07:18:49,261 INFO Lauf beendet: 81 Treffer gesamt, 1 neu gesamt
2026-07-28 10:01:40,999 WARNING Quelle 'huurwoningen' nicht erreichbar: 403 Client Error: Forbidden for url: https://www.huurwoningen.nl/en/in/maastricht/
2026-07-28 10:01:42,846 INFO kamernet: 17 Listings im HTML
2026-07-28 10:01:42,846 INFO kamernet: 17 Listings nach Filterung
2026-07-28 10:01:45,693 INFO Gesendet: Lenculenstraat, Maastricht | €450 p.m. | https://kamernet.nl/en/for-rent/room-maastricht/lenculenstraat/room-2395555
2026-07-28 10:01:45,694 INFO Quelle 'kamernet': 17 Treffer, 1 neu
2026-07-28 10:01:48,772 INFO mghousing: API lieferte 40 Objekte
2026-07-28 10:01:48,773 INFO mghousing: 5 Objekte nach Filterung
2026-07-28 10:01:48,774 INFO Quelle 'mghousing': 5 Treffer, 0 neu
2026-07-28 10:02:08,803 WARNING Quelle 'wmm' nicht erreichbar: HTTPSConnectionPool(host='wmm.nl', port=443): Max retries exceeded with url: /en/offers (Caused by ConnectTimeoutError(<HTTPSConnection(host='wmm.nl', port=443) at 0x7fb80eac4320>, 'Connection to wmm.nl timed out. (connect timeout=20)'))
2026-07-28 10:02:09,438 INFO maasland: 5 Angebote
2026-07-28 10:02:09,438 INFO Quelle 'maasland': 5 Treffer, 0 neu
2026-07-28 10:02:10,475 INFO immoweb: 40 Angebote
2026-07-28 10:02:12,995 INFO Gesendet: rue Basse Hermalle, 4600 Visé | €705 p.m. | https://www.immoweb.be/en/classified/6563132
2026-07-28 10:02:15,354 INFO Gesendet: Markt, 3740 Bilzen-Hoeselt | €860 p.m. | https://www.immoweb.be/en/classified/21733698
2026-07-28 10:02:15,354 INFO Quelle 'immoweb': 40 Treffer, 2 neu
2026-07-28 10:02:15,354 INFO Lauf beendet: 67 Treffer gesamt, 3 neu gesamt
2026-07-28 12:07:46,618 WARNING Quelle 'huurwoningen' nicht erreichbar: 403 Client Error: Forbidden for url: https://www.huurwoningen.nl/en/in/maastricht/
2026-07-28 12:07:47,399 INFO kamernet: 17 Listings im HTML
2026-07-28 12:07:47,400 INFO kamernet: 17 Listings nach Filterung
2026-07-28 12:07:47,400 INFO Quelle 'kamernet': 17 Treffer, 0 neu
2026-07-28 12:07:49,675 INFO mghousing: API lieferte 40 Objekte
2026-07-28 12:07:49,675 INFO mghousing: 5 Objekte nach Filterung
2026-07-28 12:07:49,677 INFO Quelle 'mghousing': 5 Treffer, 0 neu
2026-07-28 12:07:50,245 INFO wmm: 15 Angebote
2026-07-28 12:07:52,702 INFO Gesendet: Bloemenweg 68, Maastricht | €696,54 / month (incl.) | https://wmm.nl/en/offers/maastricht/bloemenweg-68/7105
2026-07-28 12:07:54,657 INFO Gesendet: Jekerstraat 35, Maastricht | €743,72 / month (incl.) | https://wmm.nl/en/offers/maastricht/jekerstraat-35/7768
2026-07-28 12:07:56,584 INFO Gesendet: Statensingel 173, Maastricht | €530,19 / month (incl.) | https://wmm.nl/en/offers/maastricht/statensingel-173/8471
2026-07-28 12:07:58,663 INFO Gesendet: Tongerseweg 46, Maastricht | €1.449,02 / month (incl.) | https://wmm.nl/en/offers/maastricht/tongerseweg-46/9514
2026-07-28 12:07:58,663 INFO Quelle 'wmm': 15 Treffer, 4 neu
2026-07-28 12:07:59,139 INFO maasland: 5 Angebote
2026-07-28 12:07:59,139 INFO Quelle 'maasland': 5 Treffer, 0 neu
2026-07-28 12:08:00,142 INFO immoweb: 40 Angebote
2026-07-28 12:08:00,143 INFO Quelle 'immoweb': 40 Treffer, 0 neu
2026-07-28 12:08:00,143 INFO Lauf beendet: 82 Treffer gesamt, 4 neu gesamt
2026-07-28 14:37:29,944 WARNING Quelle 'huurwoningen' nicht erreichbar: 403 Client Error: Forbidden for url: https://www.huurwoningen.nl/en/in/maastricht/
2026-07-28 14:37:30,705 INFO kamernet: 17 Listings im HTML
2026-07-28 14:37:30,705 INFO kamernet: 17 Listings nach Filterung
2026-07-28 14:37:32,994 INFO Gesendet: Koning Clovisstraat, Maastricht | €575 p.m. | https://kamernet.nl/en/for-rent/room-maastricht/koning-clovisstraat/room-2396070
2026-07-28 14:37:32,995 INFO Quelle 'kamernet': 17 Treffer, 1 neu
2026-07-28 14:37:35,716 INFO mghousing: API lieferte 40 Objekte
2026-07-28 14:37:35,716 INFO mghousing: 5 Objekte nach Filterung
2026-07-28 14:37:35,717 INFO Quelle 'mghousing': 5 Treffer, 0 neu
2026-07-28 14:37:36,462 INFO wmm: 15 Angebote
2026-07-28 14:37:36,463 INFO Quelle 'wmm': 15 Treffer, 0 neu
2026-07-28 14:37:37,099 INFO maasland: 5 Angebote
2026-07-28 14:37:37,100 INFO Quelle 'maasland': 5 Treffer, 0 neu
2026-07-28 14:37:38,165 INFO immoweb: 40 Angebote
2026-07-28 14:37:38,165 INFO Quelle 'immoweb': 40 Treffer, 0 neu
2026-07-28 14:37:38,166 INFO Lauf beendet: 82 Treffer gesamt, 1 neu gesamt
2026-07-28 16:23:30,247 WARNING Quelle 'huurwoningen' nicht erreichbar: 403 Client Error: Forbidden for url: https://www.huurwoningen.nl/en/in/maastricht/
2026-07-28 16:23:30,888 INFO kamernet: 17 Listings im HTML
2026-07-28 16:23:30,888 INFO kamernet: 17 Listings nach Filterung
2026-07-28 16:23:30,889 INFO Quelle 'kamernet': 17 Treffer, 0 neu
2026-07-28 16:23:34,611 INFO mghousing: API lieferte 40 Objekte
2026-07-28 16:23:34,611 INFO mghousing: 4 Objekte nach Filterung
2026-07-28 16:23:34,614 INFO Quelle 'mghousing': 4 Treffer, 0 neu
2026-07-28 16:23:54,670 WARNING Quelle 'wmm' nicht erreichbar: HTTPSConnectionPool(host='wmm.nl', port=443): Max retries exceeded with url: /en/offers (Caused by ConnectTimeoutError(<HTTPSConnection(host='wmm.nl', port=443) at 0x7f1f85fe3ef0>, 'Connection to wmm.nl timed out. (connect timeout=20)'))
2026-07-28 16:23:55,423 INFO maasland: 5 Angebote
2026-07-28 16:23:55,424 INFO Quelle 'maasland': 5 Treffer, 0 neu
2026-07-28 16:23:56,428 INFO immoweb: 40 Angebote
2026-07-28 16:23:56,429 INFO Quelle 'immoweb': 40 Treffer, 0 neu
2026-07-28 16:23:56,429 INFO Lauf beendet: 66 Treffer gesamt, 0 neu gesamt
2026-07-28 17:55:50,657 WARNING Quelle 'huurwoningen' nicht erreichbar: 403 Client Error: Forbidden for url: https://www.huurwoningen.nl/en/in/maastricht/
2026-07-28 17:55:52,949 INFO kamernet: 17 Listings im HTML
2026-07-28 17:55:52,950 INFO kamernet: 17 Listings nach Filterung
2026-07-28 17:55:52,950 INFO Quelle 'kamernet': 17 Treffer, 0 neu
2026-07-28 17:55:55,528 INFO mghousing: API lieferte 40 Objekte
2026-07-28 17:55:55,528 INFO mghousing: 4 Objekte nach Filterung
2026-07-28 17:55:55,530 INFO Quelle 'mghousing': 4 Treffer, 0 neu
2026-07-28 17:55:56,280 INFO wmm: 13 Angebote
2026-07-28 17:55:56,281 INFO Quelle 'wmm': 13 Treffer, 0 neu
2026-07-28 17:55:56,776 INFO maasland: 5 Angebote
2026-07-28 17:55:56,776 INFO Quelle 'maasland': 5 Treffer, 0 neu
2026-07-28 17:55:57,709 INFO immoweb: 40 Angebote
2026-07-28 17:55:57,710 INFO Quelle 'immoweb': 40 Treffer, 0 neu
2026-07-28 17:55:57,710 INFO Lauf beendet: 79 Treffer gesamt, 0 neu gesamt
2026-07-28 19:43:44,474 WARNING Quelle 'huurwoningen' nicht erreichbar: 403 Client Error: Forbidden for url: https://www.huurwoningen.nl/en/in/maastricht/
2026-07-28 19:43:46,585 INFO kamernet: 17 Listings im HTML
2026-07-28 19:43:46,585 INFO kamernet: 17 Listings nach Filterung
2026-07-28 19:43:49,405 INFO Gesendet: Concordiastraat, Maastricht | €560 p.m. | https://kamernet.nl/en/for-rent/room-maastricht/concordiastraat/room-2396153
2026-07-28 19:43:49,406 INFO Quelle 'kamernet': 17 Treffer, 1 neu
2026-07-28 19:43:52,140 INFO mghousing: API lieferte 40 Objekte
2026-07-28 19:43:52,140 INFO mghousing: 4 Objekte nach Filterung
2026-07-28 19:43:52,142 INFO Quelle 'mghousing': 4 Treffer, 0 neu
2026-07-28 19:44:12,192 WARNING Quelle 'wmm' nicht erreichbar: HTTPSConnectionPool(host='wmm.nl', port=443): Max retries exceeded with url: /en/offers (Caused by ConnectTimeoutError(<HTTPSConnection(host='wmm.nl', port=443) at 0x7f7d2471ba70>, 'Connection to wmm.nl timed out. (connect timeout=20)'))
2026-07-28 19:44:12,831 INFO maasland: 5 Angebote
2026-07-28 19:44:12,831 INFO Quelle 'maasland': 5 Treffer, 0 neu
2026-07-28 19:44:14,183 INFO immoweb: 40 Angebote
2026-07-28 19:44:14,184 INFO Quelle 'immoweb': 40 Treffer, 0 neu
2026-07-28 19:44:14,184 INFO Lauf beendet: 66 Treffer gesamt, 1 neu gesamt
2026-07-28 20:51:23,422 WARNING Quelle 'huurwoningen' nicht erreichbar: 403 Client Error: Forbidden for url: https://www.huurwoningen.nl/en/in/maastricht/
2026-07-28 20:51:23,960 INFO kamernet: 17 Listings im HTML
2026-07-28 20:51:23,960 INFO kamernet: 17 Listings nach Filterung
2026-07-28 20:51:23,961 INFO Quelle 'kamernet': 17 Treffer, 0 neu
2026-07-28 20:51:25,543 INFO mghousing: API lieferte 40 Objekte
2026-07-28 20:51:25,544 INFO mghousing: 4 Objekte nach Filterung
2026-07-28 20:51:25,545 INFO Quelle 'mghousing': 4 Treffer, 0 neu
2026-07-28 20:51:45,567 WARNING Quelle 'wmm' nicht erreichbar: HTTPSConnectionPool(host='wmm.nl', port=443): Max retries exceeded with url: /en/offers (Caused by ConnectTimeoutError(<HTTPSConnection(host='wmm.nl', port=443) at 0x7ff9c6187ec0>, 'Connection to wmm.nl timed out. (connect timeout=20)'))
2026-07-28 20:51:46,001 INFO maasland: 5 Angebote
2026-07-28 20:51:46,001 INFO Quelle 'maasland': 5 Treffer, 0 neu
2026-07-28 20:51:47,016 INFO immoweb: 40 Angebote
2026-07-28 20:51:47,017 INFO Quelle 'immoweb': 40 Treffer, 0 neu
2026-07-28 20:51:47,017 INFO Lauf beendet: 66 Treffer gesamt, 0 neu gesamt
2026-07-28 21:59:30,530 WARNING Quelle 'huurwoningen' nicht erreichbar: 403 Client Error: Forbidden for url: https://www.huurwoningen.nl/en/in/maastricht/
2026-07-28 21:59:31,529 INFO kamernet: 17 Listings im HTML
2026-07-28 21:59:31,529 INFO kamernet: 17 Listings nach Filterung
2026-07-28 21:59:31,529 INFO Quelle 'kamernet': 17 Treffer, 0 neu
2026-07-28 21:59:35,623 INFO mghousing: API lieferte 40 Objekte
2026-07-28 21:59:35,623 INFO mghousing: 4 Objekte nach Filterung
2026-07-28 21:59:35,625 INFO Quelle 'mghousing': 4 Treffer, 0 neu
2026-07-28 21:59:36,276 INFO wmm: 13 Angebote
2026-07-28 21:59:36,277 INFO Quelle 'wmm': 13 Treffer, 0 neu
2026-07-28 21:59:36,828 INFO maasland: 5 Angebote
2026-07-28 21:59:36,828 INFO Quelle 'maasland': 5 Treffer, 0 neu
2026-07-28 21:59:38,084 INFO immoweb: 40 Angebote
2026-07-28 21:59:38,084 INFO Quelle 'immoweb': 40 Treffer, 0 neu
2026-07-28 21:59:38,084 INFO Lauf beendet: 79 Treffer gesamt, 0 neu gesamt
2026-07-28 23:16:51,180 WARNING Quelle 'huurwoningen' nicht erreichbar: 403 Client Error: Forbidden for url: https://www.huurwoningen.nl/en/in/maastricht/
2026-07-28 23:16:53,314 INFO kamernet: 17 Listings im HTML
2026-07-28 23:16:53,315 INFO kamernet: 17 Listings nach Filterung
2026-07-28 23:16:53,315 INFO Quelle 'kamernet': 17 Treffer, 0 neu
2026-07-28 23:16:56,545 INFO mghousing: API lieferte 40 Objekte
2026-07-28 23:16:56,545 INFO mghousing: 4 Objekte nach Filterung
2026-07-28 23:16:56,547 INFO Quelle 'mghousing': 4 Treffer, 0 neu
2026-07-28 23:16:57,245 INFO wmm: 13 Angebote
2026-07-28 23:16:57,245 INFO Quelle 'wmm': 13 Treffer, 0 neu
2026-07-28 23:16:57,875 INFO maasland: 5 Angebote
2026-07-28 23:16:57,876 INFO Quelle 'maasland': 5 Treffer, 0 neu
2026-07-28 23:16:59,014 INFO immoweb: 40 Angebote
2026-07-28 23:16:59,015 INFO Quelle 'immoweb': 40 Treffer, 0 neu
2026-07-28 23:16:59,015 INFO Lauf beendet: 79 Treffer gesamt, 0 neu gesamt
2026-07-29 00:11:51,136 WARNING Quelle 'huurwoningen' nicht erreichbar: 403 Client Error: Forbidden for url: https://www.huurwoningen.nl/en/in/maastricht/
2026-07-29 00:11:52,347 INFO kamernet: 17 Listings im HTML
2026-07-29 00:11:52,347 INFO kamernet: 17 Listings nach Filterung
2026-07-29 00:11:52,348 INFO Quelle 'kamernet': 17 Treffer, 0 neu
2026-07-29 00:11:54,405 INFO mghousing: API lieferte 40 Objekte
2026-07-29 00:11:54,406 INFO mghousing: 4 Objekte nach Filterung
2026-07-29 00:11:54,407 INFO Quelle 'mghousing': 4 Treffer, 0 neu
2026-07-29 00:12:14,433 WARNING Quelle 'wmm' nicht erreichbar: HTTPSConnectionPool(host='wmm.nl', port=443): Max retries exceeded with url: /en/offers (Caused by ConnectTimeoutError(<HTTPSConnection(host='wmm.nl', port=443) at 0x7fd92ac0bc80>, 'Connection to wmm.nl timed out. (connect timeout=20)'))
2026-07-29 00:12:14,956 INFO maasland: 5 Angebote
2026-07-29 00:12:14,957 INFO Quelle 'maasland': 5 Treffer, 0 neu
2026-07-29 00:12:15,970 INFO immoweb: 40 Angebote
2026-07-29 00:12:15,971 INFO Quelle 'immoweb': 40 Treffer, 0 neu
2026-07-29 00:12:15,971 INFO Lauf beendet: 66 Treffer gesamt, 0 neu gesamt
2026-07-29 03:44:32,753 WARNING Quelle 'huurwoningen' nicht erreichbar: 403 Client Error: Forbidden for url: https://www.huurwoningen.nl/en/in/maastricht/
2026-07-29 03:44:33,525 INFO kamernet: 17 Listings im HTML
2026-07-29 03:44:33,525 INFO kamernet: 17 Listings nach Filterung
2026-07-29 03:44:33,526 INFO Quelle 'kamernet': 17 Treffer, 0 neu
2026-07-29 03:44:36,655 INFO mghousing: API lieferte 40 Objekte
2026-07-29 03:44:36,655 INFO mghousing: 4 Objekte nach Filterung
2026-07-29 03:44:36,657 INFO Quelle 'mghousing': 4 Treffer, 0 neu
2026-07-29 03:44:37,729 INFO wmm: 13 Angebote
2026-07-29 03:44:37,729 INFO Quelle 'wmm': 13 Treffer, 0 neu
2026-07-29 03:44:38,525 INFO maasland: 5 Angebote
2026-07-29 03:44:38,525 INFO Quelle 'maasland': 5 Treffer, 0 neu
2026-07-29 03:44:39,765 INFO immoweb: 40 Angebote
2026-07-29 03:44:39,766 INFO Quelle 'immoweb': 40 Treffer, 0 neu
2026-07-29 03:44:39,766 INFO Lauf beendet: 79 Treffer gesamt, 0 neu gesamt
2026-07-29 06:20:46,590 WARNING Quelle 'huurwoningen' nicht erreichbar: 403 Client Error: Forbidden for url: https://www.huurwoningen.nl/en/in/maastricht/
2026-07-29 06:20:47,425 INFO kamernet: 17 Listings im HTML
2026-07-29 06:20:47,425 INFO kamernet: 17 Listings nach Filterung
2026-07-29 06:20:47,425 INFO Quelle 'kamernet': 17 Treffer, 0 neu
2026-07-29 06:20:49,741 INFO mghousing: API lieferte 40 Objekte
2026-07-29 06:20:49,742 INFO mghousing: 4 Objekte nach Filterung
2026-07-29 06:20:49,743 INFO Quelle 'mghousing': 4 Treffer, 0 neu
2026-07-29 06:20:50,407 INFO wmm: 13 Angebote
2026-07-29 06:20:50,407 INFO Quelle 'wmm': 13 Treffer, 0 neu
2026-07-29 06:20:50,897 INFO maasland: 5 Angebote
2026-07-29 06:20:50,897 INFO Quelle 'maasland': 5 Treffer, 0 neu
2026-07-29 06:20:51,825 INFO immoweb: 40 Angebote
2026-07-29 06:20:51,826 INFO Quelle 'immoweb': 40 Treffer, 0 neu
2026-07-29 06:20:51,826 INFO Lauf beendet: 79 Treffer gesamt, 0 neu gesamt
2026-07-29 09:20:05,554 WARNING Quelle 'huurwoningen' nicht erreichbar: 403 Client Error: Forbidden for url: https://www.huurwoningen.nl/en/in/maastricht/
2026-07-29 09:20:06,639 INFO kamernet: 17 Listings im HTML
2026-07-29 09:20:06,639 INFO kamernet: 17 Listings nach Filterung
2026-07-29 09:20:09,269 INFO Gesendet: Willem Vliegenstraat, Maastricht | €500 p.m. | https://kamernet.nl/en/for-rent/apartment-maastricht/willem-vliegenstraat/apartment-2396265
2026-07-29 09:20:11,704 INFO Gesendet: Ramershaag, Maastricht | €463 p.m. | https://kamernet.nl/en/for-rent/room-maastricht/ramershaag/room-2396266
2026-07-29 09:20:14,308 INFO Gesendet: Caesarhof, Maastricht | €581 p.m. | https://kamernet.nl/en/for-rent/room-maastricht/caesarhof/room-2396252
2026-07-29 09:20:16,688 INFO Gesendet: Hogeborg, Maastricht | €365 p.m. | https://kamernet.nl/en/for-rent/room-maastricht/hogeborg/room-2396210
2026-07-29 09:20:16,688 INFO Quelle 'kamernet': 17 Treffer, 4 neu
2026-07-29 09:20:19,966 INFO mghousing: API lieferte 40 Objekte
2026-07-29 09:20:19,966 INFO mghousing: 4 Objekte nach Filterung
2026-07-29 09:20:19,967 INFO Quelle 'mghousing': 4 Treffer, 0 neu
2026-07-29 09:20:39,985 WARNING Quelle 'wmm' nicht erreichbar: HTTPSConnectionPool(host='wmm.nl', port=443): Max retries exceeded with url: /en/offers (Caused by ConnectTimeoutError(<HTTPSConnection(host='wmm.nl', port=443) at 0x7fdb5683bb30>, 'Connection to wmm.nl timed out. (connect timeout=20)'))
2026-07-29 09:20:40,750 INFO maasland: 5 Angebote
2026-07-29 09:20:40,750 INFO Quelle 'maasland': 5 Treffer, 0 neu
2026-07-29 09:20:41,802 INFO immoweb: 40 Angebote
2026-07-29 09:20:41,803 INFO Quelle 'immoweb': 40 Treffer, 0 neu
2026-07-29 09:20:41,803 INFO Lauf beendet: 66 Treffer gesamt, 4 neu gesamt
2026-07-29 11:38:12,779 WARNING Quelle 'huurwoningen' nicht erreichbar: 403 Client Error: Forbidden for url: https://www.huurwoningen.nl/en/in/maastricht/
2026-07-29 11:38:13,667 INFO kamernet: 17 Listings im HTML
2026-07-29 11:38:13,667 INFO kamernet: 17 Listings nach Filterung
2026-07-29 11:38:13,667 INFO Quelle 'kamernet': 17 Treffer, 0 neu
2026-07-29 11:38:16,805 INFO mghousing: API lieferte 40 Objekte
2026-07-29 11:38:16,805 INFO mghousing: 4 Objekte nach Filterung
2026-07-29 11:38:16,807 INFO Quelle 'mghousing': 4 Treffer, 0 neu
2026-07-29 11:38:17,457 INFO wmm: 10 Angebote
2026-07-29 11:38:17,457 INFO Quelle 'wmm': 10 Treffer, 0 neu
2026-07-29 11:38:18,042 INFO maasland: 5 Angebote
2026-07-29 11:38:18,042 INFO Quelle 'maasland': 5 Treffer, 0 neu
2026-07-29 11:38:19,508 INFO immoweb: 41 Angebote
2026-07-29 11:38:22,836 INFO Gesendet: Heidestraat, 3621 Lanaken | €900 p.m. | https://www.immoweb.be/en/classified/21736082
2026-07-29 11:38:22,836 INFO Quelle 'immoweb': 41 Treffer, 1 neu
2026-07-29 11:38:22,836 INFO Lauf beendet: 77 Treffer gesamt, 1 neu gesamt
2026-07-29 13:24:26,839 WARNING Quelle 'huurwoningen' nicht erreichbar: 403 Client Error: Forbidden for url: https://www.huurwoningen.nl/en/in/maastricht/
2026-07-29 13:24:27,424 INFO kamernet: 17 Listings im HTML
2026-07-29 13:24:27,424 INFO kamernet: 17 Listings nach Filterung
2026-07-29 13:24:27,425 INFO Quelle 'kamernet': 17 Treffer, 0 neu
2026-07-29 13:24:30,155 INFO mghousing: API lieferte 41 Objekte
2026-07-29 13:24:30,155 INFO mghousing: 4 Objekte nach Filterung
2026-07-29 13:24:30,157 INFO Quelle 'mghousing': 4 Treffer, 0 neu
2026-07-29 13:24:50,214 WARNING Quelle 'wmm' nicht erreichbar: HTTPSConnectionPool(host='wmm.nl', port=443): Max retries exceeded with url: /en/offers (Caused by ConnectTimeoutError(<HTTPSConnection(host='wmm.nl', port=443) at 0x7fc55664fc80>, 'Connection to wmm.nl timed out. (connect timeout=20)'))
2026-07-29 13:24:50,758 INFO maasland: 5 Angebote
2026-07-29 13:24:50,759 INFO Quelle 'maasland': 5 Treffer, 0 neu
2026-07-29 13:24:52,078 INFO immoweb: 41 Angebote
2026-07-29 13:24:52,080 INFO Quelle 'immoweb': 41 Treffer, 0 neu
2026-07-29 13:24:52,080 INFO Lauf beendet: 67 Treffer gesamt, 0 neu gesamt
2026-07-29 15:30:55,037 WARNING Quelle 'huurwoningen' nicht erreichbar: 403 Client Error: Forbidden for url: https://www.huurwoningen.nl/en/in/maastricht/
2026-07-29 15:30:55,627 INFO kamernet: 17 Listings im HTML
2026-07-29 15:30:55,628 INFO kamernet: 17 Listings nach Filterung
2026-07-29 15:30:55,628 INFO Quelle 'kamernet': 17 Treffer, 0 neu
2026-07-29 15:30:59,528 INFO mghousing: API lieferte 41 Objekte
2026-07-29 15:30:59,529 INFO mghousing: 3 Objekte nach Filterung
2026-07-29 15:30:59,530 INFO Quelle 'mghousing': 3 Treffer, 0 neu
2026-07-29 15:31:19,566 WARNING Quelle 'wmm' nicht erreichbar: HTTPSConnectionPool(host='wmm.nl', port=443): Max retries exceeded with url: /en/offers (Caused by ConnectTimeoutError(<HTTPSConnection(host='wmm.nl', port=443) at 0x7f9261b53bf0>, 'Connection to wmm.nl timed out. (connect timeout=20)'))
2026-07-29 15:31:20,320 INFO maasland: 5 Angebote
2026-07-29 15:31:20,320 INFO Quelle 'maasland': 5 Treffer, 0 neu
2026-07-29 15:31:21,628 INFO immoweb: 40 Angebote
2026-07-29 15:31:21,629 INFO Quelle 'immoweb': 40 Treffer, 0 neu
2026-07-29 15:31:21,629 INFO Lauf beendet: 65 Treffer gesamt, 0 neu gesamt
2026-07-29 16:54:15,363 WARNING Quelle 'huurwoningen' nicht erreichbar: 403 Client Error: Forbidden for url: https://www.huurwoningen.nl/en/in/maastricht/
2026-07-29 16:54:16,685 INFO kamernet: 17 Listings im HTML
2026-07-29 16:54:16,685 INFO kamernet: 17 Listings nach Filterung
2026-07-29 16:54:16,686 INFO Quelle 'kamernet': 17 Treffer, 0 neu
2026-07-29 16:54:18,949 INFO mghousing: API lieferte 41 Objekte
2026-07-29 16:54:18,950 INFO mghousing: 3 Objekte nach Filterung
2026-07-29 16:54:18,952 INFO Quelle 'mghousing': 3 Treffer, 0 neu
2026-07-29 16:54:19,494 INFO wmm: 9 Angebote
2026-07-29 16:54:22,000 INFO Gesendet: Koning Clovisstraat 84, Maastricht | €2.400,00 / month (excl.) | https://wmm.nl/en/offers/maastricht/koning-clovisstraat-84/8596
2026-07-29 16:54:22,000 INFO Quelle 'wmm': 9 Treffer, 1 neu
2026-07-29 16:54:22,464 INFO maasland: 5 Angebote
2026-07-29 16:54:22,464 INFO Quelle 'maasland': 5 Treffer, 0 neu
2026-07-29 16:54:23,432 INFO immoweb: 39 Angebote
2026-07-29 16:54:23,433 INFO Quelle 'immoweb': 39 Treffer, 0 neu
2026-07-29 16:54:23,433 INFO Lauf beendet: 73 Treffer gesamt, 1 neu gesamt
2026-07-29 18:09:39,778 WARNING Quelle 'huurwoningen' nicht erreichbar: 403 Client Error: Forbidden for url: https://www.huurwoningen.nl/en/in/maastricht/
2026-07-29 18:09:40,607 INFO kamernet: 17 Listings im HTML
2026-07-29 18:09:40,607 INFO kamernet: 17 Listings nach Filterung
2026-07-29 18:09:40,608 INFO Quelle 'kamernet': 17 Treffer, 0 neu
2026-07-29 18:09:43,326 INFO mghousing: API lieferte 41 Objekte
2026-07-29 18:09:43,326 INFO mghousing: 3 Objekte nach Filterung
2026-07-29 18:09:43,328 INFO Quelle 'mghousing': 3 Treffer, 0 neu
2026-07-29 18:09:44,038 INFO wmm: 9 Angebote
2026-07-29 18:09:44,038 INFO Quelle 'wmm': 9 Treffer, 0 neu
2026-07-29 18:09:44,688 INFO maasland: 5 Angebote
2026-07-29 18:09:44,689 INFO Quelle 'maasland': 5 Treffer, 0 neu
2026-07-29 18:09:45,694 INFO immoweb: 39 Angebote
2026-07-29 18:09:45,695 INFO Quelle 'immoweb': 39 Treffer, 0 neu
2026-07-29 18:09:45,696 INFO Lauf beendet: 73 Treffer gesamt, 0 neu gesamt
2026-07-29 19:45:36,928 WARNING Quelle 'huurwoningen' nicht erreichbar: 403 Client Error: Forbidden for url: https://www.huurwoningen.nl/en/in/maastricht/
2026-07-29 19:45:37,710 INFO kamernet: 17 Listings im HTML
2026-07-29 19:45:37,710 INFO kamernet: 17 Listings nach Filterung
2026-07-29 19:45:37,711 INFO Quelle 'kamernet': 17 Treffer, 0 neu
2026-07-29 19:45:40,446 INFO mghousing: API lieferte 41 Objekte
2026-07-29 19:45:40,446 INFO mghousing: 3 Objekte nach Filterung
2026-07-29 19:45:40,447 INFO Quelle 'mghousing': 3 Treffer, 0 neu
2026-07-29 19:45:41,057 INFO wmm: 9 Angebote
2026-07-29 19:45:41,057 INFO Quelle 'wmm': 9 Treffer, 0 neu
2026-07-29 19:45:41,591 INFO maasland: 5 Angebote
2026-07-29 19:45:41,592 INFO Quelle 'maasland': 5 Treffer, 0 neu
2026-07-29 19:45:42,540 INFO immoweb: 39 Angebote
2026-07-29 19:45:42,541 INFO Quelle 'immoweb': 39 Treffer, 0 neu
2026-07-29 19:45:42,541 INFO Lauf beendet: 73 Treffer gesamt, 0 neu gesamt
2026-07-29 20:40:01,154 WARNING Quelle 'huurwoningen' nicht erreichbar: 403 Client Error: Forbidden for url: https://www.huurwoningen.nl/en/in/maastricht/
2026-07-29 20:40:01,872 INFO kamernet: 17 Listings im HTML
2026-07-29 20:40:01,873 INFO kamernet: 17 Listings nach Filterung
2026-07-29 20:40:01,873 INFO Quelle 'kamernet': 17 Treffer, 0 neu
2026-07-29 20:40:04,308 INFO mghousing: API lieferte 41 Objekte
2026-07-29 20:40:04,309 INFO mghousing: 3 Objekte nach Filterung
2026-07-29 20:40:04,310 INFO Quelle 'mghousing': 3 Treffer, 0 neu
2026-07-29 20:40:24,392 WARNING Quelle 'wmm' nicht erreichbar: HTTPSConnectionPool(host='wmm.nl', port=443): Max retries exceeded with url: /en/offers (Caused by ConnectTimeoutError(<HTTPSConnection(host='wmm.nl', port=443) at 0x7f68acfa7c80>, 'Connection to wmm.nl timed out. (connect timeout=20)'))
2026-07-29 20:40:24,956 INFO maasland: 5 Angebote
2026-07-29 20:40:24,956 INFO Quelle 'maasland': 5 Treffer, 0 neu
2026-07-29 20:40:26,277 INFO immoweb: 39 Angebote
2026-07-29 20:40:26,277 INFO Quelle 'immoweb': 39 Treffer, 0 neu
2026-07-29 20:40:26,278 INFO Lauf beendet: 64 Treffer gesamt, 0 neu gesamt
2026-07-29 21:40:00,068 WARNING Quelle 'huurwoningen' nicht erreichbar: 403 Client Error: Forbidden for url: https://www.huurwoningen.nl/en/in/maastricht/
2026-07-29 21:40:00,708 INFO kamernet: 17 Listings im HTML
2026-07-29 21:40:00,709 INFO kamernet: 17 Listings nach Filterung
2026-07-29 21:40:00,709 INFO Quelle 'kamernet': 17 Treffer, 0 neu
2026-07-29 21:40:03,080 INFO mghousing: API lieferte 41 Objekte
2026-07-29 21:40:03,080 INFO mghousing: 3 Objekte nach Filterung
2026-07-29 21:40:03,082 INFO Quelle 'mghousing': 3 Treffer, 0 neu
2026-07-29 21:40:23,303 WARNING Quelle 'wmm' nicht erreichbar: HTTPSConnectionPool(host='wmm.nl', port=443): Max retries exceeded with url: /en/offers (Caused by ConnectTimeoutError(<HTTPSConnection(host='wmm.nl', port=443) at 0x7fd0f47bb740>, 'Connection to wmm.nl timed out. (connect timeout=20)'))
2026-07-29 21:40:23,808 INFO maasland: 5 Angebote
2026-07-29 21:40:23,808 INFO Quelle 'maasland': 5 Treffer, 0 neu
2026-07-29 21:40:24,789 INFO immoweb: 39 Angebote
2026-07-29 21:40:24,790 INFO Quelle 'immoweb': 39 Treffer, 0 neu
2026-07-29 21:40:24,790 INFO Lauf beendet: 64 Treffer gesamt, 0 neu gesamt
2026-07-29 22:41:11,091 WARNING Quelle 'huurwoningen' nicht erreichbar: 403 Client Error: Forbidden for url: https://www.huurwoningen.nl/en/in/maastricht/
2026-07-29 22:41:11,983 INFO kamernet: 17 Listings im HTML
2026-07-29 22:41:11,984 INFO kamernet: 17 Listings nach Filterung
2026-07-29 22:41:11,984 INFO Quelle 'kamernet': 17 Treffer, 0 neu
2026-07-29 22:41:14,430 INFO mghousing: API lieferte 41 Objekte
2026-07-29 22:41:14,431 INFO mghousing: 3 Objekte nach Filterung
2026-07-29 22:41:14,432 INFO Quelle 'mghousing': 3 Treffer, 0 neu
2026-07-29 22:41:34,505 WARNING Quelle 'wmm' nicht erreichbar: HTTPSConnectionPool(host='wmm.nl', port=443): Max retries exceeded with url: /en/offers (Caused by ConnectTimeoutError(<HTTPSConnection(host='wmm.nl', port=443) at 0x7f8579a97cb0>, 'Connection to wmm.nl timed out. (connect timeout=20)'))
2026-07-29 22:41:35,086 INFO maasland: 5 Angebote
2026-07-29 22:41:35,086 INFO Quelle 'maasland': 5 Treffer, 0 neu
2026-07-29 22:41:36,061 INFO immoweb: 39 Angebote
2026-07-29 22:41:36,062 INFO Quelle 'immoweb': 39 Treffer, 0 neu
2026-07-29 22:41:36,062 INFO Lauf beendet: 64 Treffer gesamt, 0 neu gesamt
2026-07-29 23:45:22,720 WARNING Quelle 'huurwoningen' nicht erreichbar: 403 Client Error: Forbidden for url: https://www.huurwoningen.nl/en/in/maastricht/
2026-07-29 23:45:24,187 INFO kamernet: 17 Listings im HTML
2026-07-29 23:45:24,188 INFO kamernet: 17 Listings nach Filterung
2026-07-29 23:45:24,188 INFO Quelle 'kamernet': 17 Treffer, 0 neu
2026-07-29 23:45:26,614 INFO mghousing: API lieferte 41 Objekte
2026-07-29 23:45:26,614 INFO mghousing: 3 Objekte nach Filterung
2026-07-29 23:45:26,615 INFO Quelle 'mghousing': 3 Treffer, 0 neu
2026-07-29 23:45:27,456 INFO wmm: 8 Angebote
2026-07-29 23:45:27,456 INFO Quelle 'wmm': 8 Treffer, 0 neu
2026-07-29 23:45:28,138 INFO maasland: 5 Angebote
2026-07-29 23:45:28,138 INFO Quelle 'maasland': 5 Treffer, 0 neu
2026-07-29 23:45:29,049 INFO immoweb: 39 Angebote
2026-07-29 23:45:29,050 INFO Quelle 'immoweb': 39 Treffer, 0 neu
2026-07-29 23:45:29,050 INFO Lauf beendet: 72 Treffer gesamt, 0 neu gesamt
2026-07-30 01:05:54,982 WARNING Quelle 'huurwoningen' nicht erreichbar: 403 Client Error: Forbidden for url: https://www.huurwoningen.nl/en/in/maastricht/
2026-07-30 01:06:01,723 INFO kamernet: 17 Listings im HTML
2026-07-30 01:06:01,723 INFO kamernet: 17 Listings nach Filterung
2026-07-30 01:06:01,723 INFO Quelle 'kamernet': 17 Treffer, 0 neu
2026-07-30 01:06:03,390 INFO mghousing: API lieferte 41 Objekte
2026-07-30 01:06:03,391 INFO mghousing: 3 Objekte nach Filterung
2026-07-30 01:06:03,392 INFO Quelle 'mghousing': 3 Treffer, 0 neu
2026-07-30 01:06:23,426 WARNING Quelle 'wmm' nicht erreichbar: HTTPSConnectionPool(host='wmm.nl', port=443): Max retries exceeded with url: /en/offers (Caused by ConnectTimeoutError(<HTTPSConnection(host='wmm.nl', port=443) at 0x7fce0f4a79e0>, 'Connection to wmm.nl timed out. (connect timeout=20)'))
2026-07-30 01:06:23,861 INFO maasland: 5 Angebote
2026-07-30 01:06:23,861 INFO Quelle 'maasland': 5 Treffer, 0 neu
2026-07-30 01:06:24,818 INFO immoweb: 39 Angebote
2026-07-30 01:06:24,819 INFO Quelle 'immoweb': 39 Treffer, 0 neu
2026-07-30 01:06:24,819 INFO Lauf beendet: 64 Treffer gesamt, 0 neu gesamt
2026-07-30 04:18:48,620 WARNING Quelle 'huurwoningen' nicht erreichbar: 403 Client Error: Forbidden for url: https://www.huurwoningen.nl/en/in/maastricht/
2026-07-30 04:18:49,399 INFO kamernet: 17 Listings im HTML
2026-07-30 04:18:49,400 INFO kamernet: 17 Listings nach Filterung
2026-07-30 04:18:49,400 INFO Quelle 'kamernet': 17 Treffer, 0 neu
2026-07-30 04:18:52,394 INFO mghousing: API lieferte 41 Objekte
2026-07-30 04:18:52,395 INFO mghousing: 3 Objekte nach Filterung
2026-07-30 04:18:52,396 INFO Quelle 'mghousing': 3 Treffer, 0 neu
2026-07-30 04:18:53,032 INFO wmm: 8 Angebote
2026-07-30 04:18:53,032 INFO Quelle 'wmm': 8 Treffer, 0 neu
2026-07-30 04:18:53,765 INFO maasland: 5 Angebote
2026-07-30 04:18:53,766 INFO Quelle 'maasland': 5 Treffer, 0 neu
2026-07-30 04:18:54,958 INFO immoweb: 39 Angebote
2026-07-30 04:18:54,959 INFO Quelle 'immoweb': 39 Treffer, 0 neu
2026-07-30 04:18:54,959 INFO Lauf beendet: 72 Treffer gesamt, 0 neu gesamt
2026-07-30 07:07:17,982 WARNING Quelle 'huurwoningen' nicht erreichbar: 403 Client Error: Forbidden for url: https://www.huurwoningen.nl/en/in/maastricht/
2026-07-30 07:07:19,001 INFO kamernet: 17 Listings im HTML
2026-07-30 07:07:19,002 INFO kamernet: 17 Listings nach Filterung
2026-07-30 07:07:21,390 INFO Gesendet: Orleansstraat, Maastricht | €550 p.m. | https://kamernet.nl/en/for-rent/room-maastricht/orleansstraat/room-2396505
2026-07-30 07:07:21,390 INFO Quelle 'kamernet': 17 Treffer, 1 neu
2026-07-30 07:07:24,192 INFO mghousing: API lieferte 41 Objekte
2026-07-30 07:07:24,193 INFO mghousing: 3 Objekte nach Filterung
2026-07-30 07:07:24,194 INFO Quelle 'mghousing': 3 Treffer, 0 neu
2026-07-30 07:07:24,819 INFO wmm: 7 Angebote
2026-07-30 07:07:24,819 INFO Quelle 'wmm': 7 Treffer, 0 neu
2026-07-30 07:07:25,312 INFO maasland: 5 Angebote
2026-07-30 07:07:25,312 INFO Quelle 'maasland': 5 Treffer, 0 neu
2026-07-30 07:07:26,297 INFO immoweb: 39 Angebote
2026-07-30 07:07:26,298 INFO Quelle 'immoweb': 39 Treffer, 0 neu
2026-07-30 07:07:26,298 INFO Lauf beendet: 71 Treffer gesamt, 1 neu gesamt
2026-07-30 09:41:19,354 WARNING Quelle 'huurwoningen' nicht erreichbar: 403 Client Error: Forbidden for url: https://www.huurwoningen.nl/en/in/maastricht/
2026-07-30 09:41:20,732 INFO kamernet: 17 Listings im HTML
2026-07-30 09:41:20,732 INFO kamernet: 17 Listings nach Filterung
2026-07-30 09:41:23,412 INFO Gesendet: Grote Gracht, Maastricht | €995 p.m. | https://kamernet.nl/en/for-rent/apartment-maastricht/grote-gracht/apartment-2396543
2026-07-30 09:41:25,631 INFO Gesendet: Ovidiushof, Maastricht | €435 p.m. | https://kamernet.nl/en/for-rent/room-maastricht/ovidiushof/room-2396329
2026-07-30 09:41:25,632 INFO Quelle 'kamernet': 17 Treffer, 2 neu
2026-07-30 09:41:28,938 INFO mghousing: API lieferte 41 Objekte
2026-07-30 09:41:28,939 INFO mghousing: 3 Objekte nach Filterung
2026-07-30 09:41:28,940 INFO Quelle 'mghousing': 3 Treffer, 0 neu
2026-07-30 09:41:29,676 INFO wmm: 8 Angebote
2026-07-30 09:41:31,910 INFO Gesendet: Brusselsestraat 150, Maastricht | €514,42 / month (incl.) | https://wmm.nl/en/offers/maastricht/brusselsestraat-150/9540
2026-07-30 09:41:31,910 INFO Quelle 'wmm': 8 Treffer, 1 neu
2026-07-30 09:41:32,525 INFO maasland: 5 Angebote
2026-07-30 09:41:32,525 INFO Quelle 'maasland': 5 Treffer, 0 neu
2026-07-30 09:41:34,418 INFO immoweb: 39 Angebote
2026-07-30 09:41:34,419 INFO Quelle 'immoweb': 39 Treffer, 0 neu
2026-07-30 09:41:34,419 INFO Lauf beendet: 72 Treffer gesamt, 3 neu gesamt
2026-07-30 11:34:32,650 WARNING Quelle 'huurwoningen' nicht erreichbar: 403 Client Error: Forbidden for url: https://www.huurwoningen.nl/en/in/maastricht/
2026-07-30 11:34:33,367 INFO kamernet: 17 Listings im HTML
2026-07-30 11:34:33,367 INFO kamernet: 17 Listings nach Filterung
2026-07-30 11:34:33,368 INFO Quelle 'kamernet': 17 Treffer, 0 neu
2026-07-30 11:34:35,671 INFO mghousing: API lieferte 41 Objekte
2026-07-30 11:34:35,672 INFO mghousing: 3 Objekte nach Filterung
2026-07-30 11:34:35,673 INFO Quelle 'mghousing': 3 Treffer, 0 neu
2026-07-30 11:34:36,260 INFO wmm: 8 Angebote
2026-07-30 11:34:36,260 INFO Quelle 'wmm': 8 Treffer, 0 neu
2026-07-30 11:34:36,820 INFO maasland: 5 Angebote
2026-07-30 11:34:36,820 INFO Quelle 'maasland': 5 Treffer, 0 neu
2026-07-30 11:34:37,958 INFO immoweb: 39 Angebote
2026-07-30 11:34:37,959 INFO Quelle 'immoweb': 39 Treffer, 0 neu
2026-07-30 11:34:37,959 INFO Lauf beendet: 72 Treffer gesamt, 0 neu gesamt
2026-07-30 13:13:41,233 WARNING Quelle 'huurwoningen' nicht erreichbar: 403 Client Error: Forbidden for url: https://www.huurwoningen.nl/en/in/maastricht/
2026-07-30 13:13:41,778 INFO kamernet: 17 Listings im HTML
2026-07-30 13:13:41,779 INFO kamernet: 17 Listings nach Filterung
2026-07-30 13:13:41,779 INFO Quelle 'kamernet': 17 Treffer, 0 neu
2026-07-30 13:13:43,424 INFO mghousing: API lieferte 41 Objekte
2026-07-30 13:13:43,425 INFO mghousing: 3 Objekte nach Filterung
2026-07-30 13:13:43,426 INFO Quelle 'mghousing': 3 Treffer, 0 neu
2026-07-30 13:13:44,156 INFO wmm: 8 Angebote
2026-07-30 13:13:44,156 INFO Quelle 'wmm': 8 Treffer, 0 neu
2026-07-30 13:13:44,588 INFO maasland: 5 Angebote
2026-07-30 13:13:44,588 INFO Quelle 'maasland': 5 Treffer, 0 neu
2026-07-30 13:13:45,469 INFO immoweb: 39 Angebote
2026-07-30 13:13:45,470 INFO Quelle 'immoweb': 39 Treffer, 0 neu
2026-07-30 13:13:45,470 INFO Lauf beendet: 72 Treffer gesamt, 0 neu gesamt
2026-07-30 15:26:14,309 WARNING Quelle 'huurwoningen' nicht erreichbar: 403 Client Error: Forbidden for url: https://www.huurwoningen.nl/en/in/maastricht/
2026-07-30 15:26:15,083 INFO kamernet: 17 Listings im HTML
2026-07-30 15:26:15,083 INFO kamernet: 17 Listings nach Filterung
2026-07-30 15:26:17,593 INFO Gesendet: Hoenderstraat, Maastricht | €560 p.m. | https://kamernet.nl/en/for-rent/room-maastricht/hoenderstraat/room-2396666
2026-07-30 15:26:20,224 INFO Gesendet: Tongerseweg, Maastricht | €395 p.m. | https://kamernet.nl/en/for-rent/room-maastricht/tongerseweg/room-2396647
2026-07-30 15:26:20,224 INFO Quelle 'kamernet': 17 Treffer, 2 neu
2026-07-30 15:26:22,740 INFO mghousing: API lieferte 41 Objekte
2026-07-30 15:26:22,740 INFO mghousing: 3 Objekte nach Filterung
2026-07-30 15:26:22,742 INFO Quelle 'mghousing': 3 Treffer, 0 neu
2026-07-30 15:26:23,407 INFO wmm: 7 Angebote
2026-07-30 15:26:23,407 INFO Quelle 'wmm': 7 Treffer, 0 neu
2026-07-30 15:26:24,007 INFO maasland: 5 Angebote
2026-07-30 15:26:24,007 INFO Quelle 'maasland': 5 Treffer, 0 neu
2026-07-30 15:26:25,108 INFO immoweb: 39 Angebote
2026-07-30 15:26:25,108 INFO Quelle 'immoweb': 39 Treffer, 0 neu
2026-07-30 15:26:25,109 INFO Lauf beendet: 71 Treffer gesamt, 2 neu gesamt
2026-07-30 17:04:40,325 WARNING Quelle 'huurwoningen' nicht erreichbar: 403 Client Error: Forbidden for url: https://www.huurwoningen.nl/en/in/maastricht/
2026-07-30 17:04:41,249 INFO kamernet: 17 Listings im HTML
2026-07-30 17:04:41,249 INFO kamernet: 17 Listings nach Filterung
2026-07-30 17:04:43,399 INFO Gesendet: Hoenderstraat, Maastricht | €510 p.m. | https://kamernet.nl/en/for-rent/room-maastricht/hoenderstraat/room-2396671
2026-07-30 17:04:43,399 INFO Quelle 'kamernet': 17 Treffer, 1 neu
2026-07-30 17:04:45,441 INFO mghousing: API lieferte 41 Objekte
2026-07-30 17:04:45,442 INFO mghousing: 3 Objekte nach Filterung
2026-07-30 17:04:45,444 INFO Quelle 'mghousing': 3 Treffer, 0 neu
2026-07-30 17:04:45,961 INFO wmm: 7 Angebote
2026-07-30 17:04:45,962 INFO Quelle 'wmm': 7 Treffer, 0 neu
2026-07-30 17:04:46,402 INFO maasland: 5 Angebote
2026-07-30 17:04:46,403 INFO Quelle 'maasland': 5 Treffer, 0 neu
2026-07-30 17:04:47,276 INFO immoweb: 39 Angebote
2026-07-30 17:04:49,403 INFO Gesendet: Allée des Alouettes, 58/9, 4600 Vise | €950 p.m. | https://www.immoweb.be/en/classified/21739420
2026-07-30 17:04:49,404 INFO Quelle 'immoweb': 39 Treffer, 1 neu
2026-07-30 17:04:49,404 INFO Lauf beendet: 71 Treffer gesamt, 2 neu gesamt
2026-07-30 18:42:51,007 WARNING Quelle 'huurwoningen' nicht erreichbar: 403 Client Error: Forbidden for url: https://www.huurwoningen.nl/en/in/maastricht/
2026-07-30 18:42:51,784 INFO kamernet: 17 Listings im HTML
2026-07-30 18:42:51,785 INFO kamernet: 17 Listings nach Filterung
2026-07-30 18:42:51,785 INFO Quelle 'kamernet': 17 Treffer, 0 neu
2026-07-30 18:42:54,261 INFO mghousing: API lieferte 41 Objekte
2026-07-30 18:42:54,262 INFO mghousing: 3 Objekte nach Filterung
2026-07-30 18:42:54,263 INFO Quelle 'mghousing': 3 Treffer, 0 neu
2026-07-30 18:42:55,037 INFO wmm: 7 Angebote
2026-07-30 18:42:55,038 INFO Quelle 'wmm': 7 Treffer, 0 neu
2026-07-30 18:42:55,774 INFO maasland: 5 Angebote
2026-07-30 18:42:55,774 INFO Quelle 'maasland': 5 Treffer, 0 neu
2026-07-30 18:42:56,826 INFO immoweb: 39 Angebote
2026-07-30 18:42:56,827 INFO Quelle 'immoweb': 39 Treffer, 0 neu
2026-07-30 18:42:56,827 INFO Lauf beendet: 71 Treffer gesamt, 0 neu gesamt
2026-07-30 20:07:06,061 WARNING Quelle 'huurwoningen' nicht erreichbar: 403 Client Error: Forbidden for url: https://www.huurwoningen.nl/en/in/maastricht/
2026-07-30 20:07:06,650 INFO kamernet: 17 Listings im HTML
2026-07-30 20:07:06,651 INFO kamernet: 17 Listings nach Filterung
2026-07-30 20:07:06,651 INFO Quelle 'kamernet': 17 Treffer, 0 neu
2026-07-30 20:07:08,409 INFO mghousing: API lieferte 41 Objekte
2026-07-30 20:07:08,410 INFO mghousing: 3 Objekte nach Filterung
2026-07-30 20:07:08,412 INFO Quelle 'mghousing': 3 Treffer, 0 neu
2026-07-30 20:07:28,443 WARNING Quelle 'wmm' nicht erreichbar: HTTPSConnectionPool(host='wmm.nl', port=443): Max retries exceeded with url: /en/offers (Caused by ConnectTimeoutError(<HTTPSConnection(host='wmm.nl', port=443) at 0x7ff25d4f5460>, 'Connection to wmm.nl timed out. (connect timeout=20)'))
2026-07-30 20:07:28,900 INFO maasland: 5 Angebote
2026-07-30 20:07:28,900 INFO Quelle 'maasland': 5 Treffer, 0 neu
2026-07-30 20:07:30,063 INFO immoweb: 39 Angebote
2026-07-30 20:07:30,064 INFO Quelle 'immoweb': 39 Treffer, 0 neu
2026-07-30 20:07:30,064 INFO Lauf beendet: 64 Treffer gesamt, 0 neu gesamt
2026-07-30 21:30:52,425 WARNING Quelle 'huurwoningen' nicht erreichbar: 403 Client Error: Forbidden for url: https://www.huurwoningen.nl/en/in/maastricht/
2026-07-30 21:30:52,957 INFO kamernet: 17 Listings im HTML
2026-07-30 21:30:52,957 INFO kamernet: 17 Listings nach Filterung
2026-07-30 21:30:52,958 INFO Quelle 'kamernet': 17 Treffer, 0 neu
2026-07-30 21:30:54,687 INFO mghousing: API lieferte 41 Objekte
2026-07-30 21:30:54,687 INFO mghousing: 3 Objekte nach Filterung
2026-07-30 21:30:54,689 INFO Quelle 'mghousing': 3 Treffer, 0 neu
2026-07-30 21:30:55,286 INFO wmm: 7 Angebote
2026-07-30 21:30:55,287 INFO Quelle 'wmm': 7 Treffer, 0 neu
2026-07-30 21:30:55,700 INFO maasland: 5 Angebote
2026-07-30 21:30:55,700 INFO Quelle 'maasland': 5 Treffer, 0 neu
2026-07-30 21:30:56,828 INFO immoweb: 39 Angebote
2026-07-30 21:30:56,828 INFO Quelle 'immoweb': 39 Treffer, 0 neu
2026-07-30 21:30:56,829 INFO Lauf beendet: 71 Treffer gesamt, 0 neu gesamt
2026-07-30 22:42:26,017 WARNING Quelle 'huurwoningen' nicht erreichbar: 403 Client Error: Forbidden for url: https://www.huurwoningen.nl/en/in/maastricht/
2026-07-30 22:42:26,596 INFO kamernet: 17 Listings im HTML
2026-07-30 22:42:26,596 INFO kamernet: 17 Listings nach Filterung
2026-07-30 22:42:26,597 INFO Quelle 'kamernet': 17 Treffer, 0 neu
2026-07-30 22:42:29,546 INFO mghousing: API lieferte 41 Objekte
2026-07-30 22:42:29,546 INFO mghousing: 3 Objekte nach Filterung
2026-07-30 22:42:29,548 INFO Quelle 'mghousing': 3 Treffer, 0 neu
2026-07-30 22:42:30,240 INFO wmm: 7 Angebote
2026-07-30 22:42:30,240 INFO Quelle 'wmm': 7 Treffer, 0 neu
2026-07-30 22:42:30,992 INFO maasland: 5 Angebote
2026-07-30 22:42:30,992 INFO Quelle 'maasland': 5 Treffer, 0 neu
2026-07-30 22:42:32,330 INFO immoweb: 39 Angebote
2026-07-30 22:42:32,331 INFO Quelle 'immoweb': 39 Treffer, 0 neu
2026-07-30 22:42:32,331 INFO Lauf beendet: 71 Treffer gesamt, 0 neu gesamt
2026-07-30 23:44:19,537 WARNING Quelle 'huurwoningen' nicht erreichbar: 403 Client Error: Forbidden for url: https://www.huurwoningen.nl/en/in/maastricht/
2026-07-30 23:44:19,952 INFO kamernet: 17 Listings im HTML
2026-07-30 23:44:19,952 INFO kamernet: 17 Listings nach Filterung
2026-07-30 23:44:19,953 INFO Quelle 'kamernet': 17 Treffer, 0 neu
2026-07-30 23:44:21,911 INFO mghousing: API lieferte 41 Objekte
2026-07-30 23:44:21,912 INFO mghousing: 3 Objekte nach Filterung
2026-07-30 23:44:21,913 INFO Quelle 'mghousing': 3 Treffer, 0 neu
2026-07-30 23:44:41,965 WARNING Quelle 'wmm' nicht erreichbar: HTTPSConnectionPool(host='wmm.nl', port=443): Max retries exceeded with url: /en/offers (Caused by ConnectTimeoutError(<HTTPSConnection(host='wmm.nl', port=443) at 0x7f528211fd40>, 'Connection to wmm.nl timed out. (connect timeout=20)'))
2026-07-30 23:44:42,443 INFO maasland: 5 Angebote
2026-07-30 23:44:42,443 INFO Quelle 'maasland': 5 Treffer, 0 neu
2026-07-30 23:44:43,317 INFO immoweb: 39 Angebote
2026-07-30 23:44:43,318 INFO Quelle 'immoweb': 39 Treffer, 0 neu
2026-07-30 23:44:43,319 INFO Lauf beendet: 64 Treffer gesamt, 0 neu gesamt
2026-07-31 01:17:37,823 WARNING Quelle 'huurwoningen' nicht erreichbar: 403 Client Error: Forbidden for url: https://www.huurwoningen.nl/en/in/maastricht/
2026-07-31 01:17:38,343 INFO kamernet: 17 Listings im HTML
2026-07-31 01:17:38,344 INFO kamernet: 17 Listings nach Filterung
2026-07-31 01:17:38,344 INFO Quelle 'kamernet': 17 Treffer, 0 neu
2026-07-31 01:17:40,927 INFO mghousing: API lieferte 42 Objekte
2026-07-31 01:17:40,927 INFO mghousing: 3 Objekte nach Filterung
2026-07-31 01:17:40,929 INFO Quelle 'mghousing': 3 Treffer, 0 neu
2026-07-31 01:18:00,994 WARNING Quelle 'wmm' nicht erreichbar: HTTPSConnectionPool(host='wmm.nl', port=443): Max retries exceeded with url: /en/offers (Caused by ConnectTimeoutError(<HTTPSConnection(host='wmm.nl', port=443) at 0x7f275b4d3c80>, 'Connection to wmm.nl timed out. (connect timeout=20)'))
2026-07-31 01:18:01,831 INFO maasland: 5 Angebote
2026-07-31 01:18:01,831 INFO Quelle 'maasland': 5 Treffer, 0 neu
2026-07-31 01:18:02,815 INFO immoweb: 39 Angebote
2026-07-31 01:18:02,816 INFO Quelle 'immoweb': 39 Treffer, 0 neu
2026-07-31 01:18:02,816 INFO Lauf beendet: 64 Treffer gesamt, 0 neu gesamt
2026-07-31 04:49:20,390 WARNING Quelle 'huurwoningen' nicht erreichbar: 403 Client Error: Forbidden for url: https://www.huurwoningen.nl/en/in/maastricht/
2026-07-31 04:49:21,083 INFO kamernet: 17 Listings im HTML
2026-07-31 04:49:21,084 INFO kamernet: 17 Listings nach Filterung
2026-07-31 04:49:21,084 INFO Quelle 'kamernet': 17 Treffer, 0 neu
2026-07-31 04:49:22,924 INFO mghousing: API lieferte 42 Objekte
2026-07-31 04:49:22,925 INFO mghousing: 3 Objekte nach Filterung
2026-07-31 04:49:22,926 INFO Quelle 'mghousing': 3 Treffer, 0 neu
2026-07-31 04:49:42,960 WARNING Quelle 'wmm' nicht erreichbar: HTTPSConnectionPool(host='wmm.nl', port=443): Max retries exceeded with url: /en/offers (Caused by ConnectTimeoutError(<HTTPSConnection(host='wmm.nl', port=443) at 0x7fa3f0a3fa10>, 'Connection to wmm.nl timed out. (connect timeout=20)'))
2026-07-31 04:49:43,396 INFO maasland: 6 Angebote
2026-07-31 04:49:45,713 INFO Gesendet: Capucijnenstraat, Maastricht Binnenstad | €809.33 /month (incl) | https://maaslandrelocation.nl/en/apartment/qe3voxkx/capucijnenstraat-maastricht
2026-07-31 04:49:47,991 INFO Gesendet: Batterijstraat, Maastricht Binnenstad | €792.29 /month (incl) | https://maaslandrelocation.nl/en/apartment/xkd23d1m/batterijstraat-maastricht
2026-07-31 04:49:47,991 INFO Quelle 'maasland': 6 Treffer, 2 neu
2026-07-31 04:49:48,831 INFO immoweb: 39 Angebote
2026-07-31 04:49:48,832 INFO Quelle 'immoweb': 39 Treffer, 0 neu
2026-07-31 04:49:48,832 INFO Lauf beendet: 65 Treffer gesamt, 2 neu gesamt
2026-07-31 07:45:18,236 WARNING Quelle 'huurwoningen' nicht erreichbar: 403 Client Error: Forbidden for url: https://www.huurwoningen.nl/en/in/maastricht/
2026-07-31 07:45:19,200 INFO kamernet: 17 Listings im HTML
2026-07-31 07:45:19,200 INFO kamernet: 17 Listings nach Filterung
2026-07-31 07:45:21,816 INFO Gesendet: Glacisweg, Maastricht | €600 p.m. | https://kamernet.nl/en/for-rent/room-maastricht/glacisweg/room-2396558
2026-07-31 07:45:21,816 INFO Quelle 'kamernet': 17 Treffer, 1 neu
2026-07-31 07:45:24,552 INFO mghousing: API lieferte 42 Objekte
2026-07-31 07:45:24,552 INFO mghousing: 3 Objekte nach Filterung
2026-07-31 07:45:24,553 INFO Quelle 'mghousing': 3 Treffer, 0 neu
2026-07-31 07:45:25,248 INFO wmm: 7 Angebote
2026-07-31 07:45:25,248 INFO Quelle 'wmm': 7 Treffer, 0 neu
2026-07-31 07:45:25,898 INFO maasland: 6 Angebote
2026-07-31 07:45:25,898 INFO Quelle 'maasland': 6 Treffer, 0 neu
2026-07-31 07:45:27,003 INFO immoweb: 39 Angebote
2026-07-31 07:45:27,003 INFO Quelle 'immoweb': 39 Treffer, 0 neu
2026-07-31 07:45:27,003 INFO Lauf beendet: 72 Treffer gesamt, 1 neu gesamt
2026-07-31 10:22:50,398 WARNING Quelle 'huurwoningen' nicht erreichbar: 403 Client Error: Forbidden for url: https://www.huurwoningen.nl/en/in/maastricht/
2026-07-31 10:22:51,790 INFO kamernet: 17 Listings im HTML
2026-07-31 10:22:51,791 INFO kamernet: 17 Listings nach Filterung
2026-07-31 10:22:54,447 INFO Gesendet: Dorpstraat, Maastricht | €950 p.m. | https://kamernet.nl/en/for-rent/studio-maastricht/dorpstraat/studio-2396110
2026-07-31 10:22:54,448 INFO Quelle 'kamernet': 17 Treffer, 1 neu
2026-07-31 10:22:56,628 INFO mghousing: API lieferte 43 Objekte
2026-07-31 10:22:56,629 INFO mghousing: 3 Objekte nach Filterung
2026-07-31 10:22:56,631 INFO Quelle 'mghousing': 3 Treffer, 0 neu
2026-07-31 10:23:16,671 WARNING Quelle 'wmm' nicht erreichbar: HTTPSConnectionPool(host='wmm.nl', port=443): Max retries exceeded with url: /en/offers (Caused by ConnectTimeoutError(<HTTPSConnection(host='wmm.nl', port=443) at 0x7ff576781790>, 'Connection to wmm.nl timed out. (connect timeout=20)'))
2026-07-31 10:23:17,132 INFO maasland: 6 Angebote
2026-07-31 10:23:17,133 INFO Quelle 'maasland': 6 Treffer, 0 neu
2026-07-31 10:23:18,158 INFO immoweb: 39 Angebote
2026-07-31 10:23:18,159 INFO Quelle 'immoweb': 39 Treffer, 0 neu
2026-07-31 10:23:18,160 INFO Lauf beendet: 65 Treffer gesamt, 1 neu gesamt
2026-07-31 12:26:31,245 WARNING Quelle 'huurwoningen' nicht erreichbar: 403 Client Error: Forbidden for url: https://www.huurwoningen.nl/en/in/maastricht/
2026-07-31 12:26:34,019 INFO kamernet: 17 Listings im HTML
2026-07-31 12:26:34,019 INFO kamernet: 17 Listings nach Filterung
2026-07-31 12:26:36,729 INFO Gesendet: Wycker Grachtstraat, Maastricht | €450 p.m. | https://kamernet.nl/en/for-rent/room-maastricht/wycker-grachtstraat/room-2396840
2026-07-31 12:26:36,729 INFO Quelle 'kamernet': 17 Treffer, 1 neu
2026-07-31 12:26:41,198 INFO mghousing: API lieferte 43 Objekte
2026-07-31 12:26:41,198 INFO mghousing: 3 Objekte nach Filterung
2026-07-31 12:26:41,200 INFO Quelle 'mghousing': 3 Treffer, 0 neu
2026-07-31 12:26:41,809 INFO wmm: 7 Angebote
2026-07-31 12:26:41,809 INFO Quelle 'wmm': 7 Treffer, 0 neu
2026-07-31 12:26:42,351 INFO maasland: 6 Angebote
2026-07-31 12:26:42,352 INFO Quelle 'maasland': 6 Treffer, 0 neu
2026-07-31 12:26:43,534 INFO immoweb: 39 Angebote
2026-07-31 12:26:43,535 INFO Quelle 'immoweb': 39 Treffer, 0 neu
2026-07-31 12:26:43,536 INFO Lauf beendet: 72 Treffer gesamt, 1 neu gesamt
2026-07-31 15:01:55,791 WARNING Quelle 'huurwoningen' nicht erreichbar: 403 Client Error: Forbidden for url: https://www.huurwoningen.nl/en/in/maastricht/
2026-07-31 15:01:56,499 INFO kamernet: 17 Listings im HTML
2026-07-31 15:01:56,499 INFO kamernet: 17 Listings nach Filterung
2026-07-31 15:01:56,500 INFO Quelle 'kamernet': 17 Treffer, 0 neu
2026-07-31 15:01:58,670 INFO mghousing: API lieferte 43 Objekte
2026-07-31 15:01:58,670 INFO mghousing: 3 Objekte nach Filterung
2026-07-31 15:01:58,672 INFO Quelle 'mghousing': 3 Treffer, 0 neu
2026-07-31 15:02:18,710 WARNING Quelle 'wmm' nicht erreichbar: HTTPSConnectionPool(host='wmm.nl', port=443): Max retries exceeded with url: /en/offers (Caused by ConnectTimeoutError(<HTTPSConnection(host='wmm.nl', port=443) at 0x7fdd92d05be0>, 'Connection to wmm.nl timed out. (connect timeout=20)'))
2026-07-31 15:02:19,197 INFO maasland: 5 Angebote
2026-07-31 15:02:19,197 INFO Quelle 'maasland': 5 Treffer, 0 neu
2026-07-31 15:02:20,194 INFO immoweb: 39 Angebote
2026-07-31 15:02:20,195 INFO Quelle 'immoweb': 39 Treffer, 0 neu
2026-07-31 15:02:20,195 INFO Lauf beendet: 64 Treffer gesamt, 0 neu gesamt
2026-07-31 16:53:43,308 WARNING Quelle 'huurwoningen' nicht erreichbar: 403 Client Error: Forbidden for url: https://www.huurwoningen.nl/en/in/maastricht/
2026-07-31 16:53:44,224 INFO kamernet: 17 Listings im HTML
2026-07-31 16:53:44,224 INFO kamernet: 17 Listings nach Filterung
2026-07-31 16:53:44,224 INFO Quelle 'kamernet': 17 Treffer, 0 neu
2026-07-31 16:53:47,199 INFO mghousing: API lieferte 43 Objekte
2026-07-31 16:53:47,199 INFO mghousing: 3 Objekte nach Filterung
2026-07-31 16:53:47,201 INFO Quelle 'mghousing': 3 Treffer, 0 neu
2026-07-31 16:54:07,383 WARNING Quelle 'wmm' nicht erreichbar: HTTPSConnectionPool(host='wmm.nl', port=443): Max retries exceeded with url: /en/offers (Caused by ConnectTimeoutError(<HTTPSConnection(host='wmm.nl', port=443) at 0x7fea6d4879b0>, 'Connection to wmm.nl timed out. (connect timeout=20)'))
2026-07-31 16:54:08,027 INFO maasland: 5 Angebote
2026-07-31 16:54:08,027 INFO Quelle 'maasland': 5 Treffer, 0 neu
2026-07-31 16:54:09,206 INFO immoweb: 39 Angebote
2026-07-31 16:54:09,207 INFO Quelle 'immoweb': 39 Treffer, 0 neu
2026-07-31 16:54:09,207 INFO Lauf beendet: 64 Treffer gesamt, 0 neu gesamt
2026-07-31 18:21:21,239 WARNING Quelle 'huurwoningen' nicht erreichbar: 403 Client Error: Forbidden for url: https://www.huurwoningen.nl/en/in/maastricht/
2026-07-31 18:21:22,824 INFO kamernet: 17 Listings im HTML
2026-07-31 18:21:22,825 INFO kamernet: 17 Listings nach Filterung
2026-07-31 18:21:22,825 INFO Quelle 'kamernet': 17 Treffer, 0 neu
2026-07-31 18:21:25,309 INFO mghousing: API lieferte 43 Objekte
2026-07-31 18:21:25,309 INFO mghousing: 3 Objekte nach Filterung
2026-07-31 18:21:25,311 INFO Quelle 'mghousing': 3 Treffer, 0 neu
2026-07-31 18:21:26,103 INFO wmm: 7 Angebote
2026-07-31 18:21:28,279 INFO Gesendet: Sint Maartenslaan 4, Maastricht | €780,12 / month (incl.) | https://wmm.nl/en/offers/maastricht/sint-maartenslaan-4/8309
2026-07-31 18:21:30,330 INFO Gesendet: Brusselsestraat 150, Maastricht | €523,58 / month (incl.) | https://wmm.nl/en/offers/maastricht/brusselsestraat-150/9545
2026-07-31 18:21:30,331 INFO Quelle 'wmm': 7 Treffer, 2 neu
2026-07-31 18:21:30,815 INFO maasland: 5 Angebote
2026-07-31 18:21:30,816 INFO Quelle 'maasland': 5 Treffer, 0 neu
2026-07-31 18:21:31,672 INFO immoweb: 39 Angebote
2026-07-31 18:21:31,673 INFO Quelle 'immoweb': 39 Treffer, 0 neu
2026-07-31 18:21:31,673 INFO Lauf beendet: 71 Treffer gesamt, 2 neu gesamt
2026-07-31 20:00:36,424 WARNING Quelle 'huurwoningen' nicht erreichbar: 403 Client Error: Forbidden for url: https://www.huurwoningen.nl/en/in/maastricht/
2026-07-31 20:00:37,318 INFO kamernet: 17 Listings im HTML
2026-07-31 20:00:37,318 INFO kamernet: 17 Listings nach Filterung
2026-07-31 20:00:37,319 INFO Quelle 'kamernet': 17 Treffer, 0 neu
2026-07-31 20:00:39,539 INFO mghousing: API lieferte 43 Objekte
2026-07-31 20:00:39,539 INFO mghousing: 3 Objekte nach Filterung
2026-07-31 20:00:39,540 INFO Quelle 'mghousing': 3 Treffer, 0 neu
2026-07-31 20:00:40,081 INFO wmm: 7 Angebote
2026-07-31 20:00:40,081 INFO Quelle 'wmm': 7 Treffer, 0 neu
2026-07-31 20:00:40,641 INFO maasland: 5 Angebote
2026-07-31 20:00:40,641 INFO Quelle 'maasland': 5 Treffer, 0 neu
2026-07-31 20:00:41,673 INFO immoweb: 39 Angebote
2026-07-31 20:00:41,674 INFO Quelle 'immoweb': 39 Treffer, 0 neu
2026-07-31 20:00:41,674 INFO Lauf beendet: 71 Treffer gesamt, 0 neu gesamt
2026-07-31 21:17:08,942 WARNING Quelle 'huurwoningen' nicht erreichbar: 403 Client Error: Forbidden for url: https://www.huurwoningen.nl/en/in/maastricht/
2026-07-31 21:17:09,953 INFO kamernet: 17 Listings im HTML
2026-07-31 21:17:09,954 INFO kamernet: 17 Listings nach Filterung
2026-07-31 21:17:09,954 INFO Quelle 'kamernet': 17 Treffer, 0 neu
2026-07-31 21:17:13,028 INFO mghousing: API lieferte 43 Objekte
2026-07-31 21:17:13,028 INFO mghousing: 3 Objekte nach Filterung
2026-07-31 21:17:13,030 INFO Quelle 'mghousing': 3 Treffer, 0 neu
2026-07-31 21:17:13,677 INFO wmm: 7 Angebote
2026-07-31 21:17:13,677 INFO Quelle 'wmm': 7 Treffer, 0 neu
2026-07-31 21:17:14,330 INFO maasland: 5 Angebote
2026-07-31 21:17:14,330 INFO Quelle 'maasland': 5 Treffer, 0 neu
2026-07-31 21:17:15,776 INFO immoweb: 39 Angebote
2026-07-31 21:17:15,777 INFO Quelle 'immoweb': 39 Treffer, 0 neu
2026-07-31 21:17:15,777 INFO Lauf beendet: 71 Treffer gesamt, 0 neu gesamt
2026-07-31 22:28:43,909 WARNING Quelle 'huurwoningen' nicht erreichbar: 403 Client Error: Forbidden for url: https://www.huurwoningen.nl/en/in/maastricht/
2026-07-31 22:28:44,630 INFO kamernet: 17 Listings im HTML
2026-07-31 22:28:44,630 INFO kamernet: 17 Listings nach Filterung
2026-07-31 22:28:44,631 INFO Quelle 'kamernet': 17 Treffer, 0 neu
2026-07-31 22:28:47,492 INFO mghousing: API lieferte 43 Objekte
2026-07-31 22:28:47,492 INFO mghousing: 3 Objekte nach Filterung
2026-07-31 22:28:47,493 INFO Quelle 'mghousing': 3 Treffer, 0 neu
2026-07-31 22:29:07,669 WARNING Quelle 'wmm' nicht erreichbar: HTTPSConnectionPool(host='wmm.nl', port=443): Max retries exceeded with url: /en/offers (Caused by ConnectTimeoutError(<HTTPSConnection(host='wmm.nl', port=443) at 0x7f9363837d10>, 'Connection to wmm.nl timed out. (connect timeout=20)'))
2026-07-31 22:29:08,331 INFO maasland: 5 Angebote
2026-07-31 22:29:08,331 INFO Quelle 'maasland': 5 Treffer, 0 neu
2026-07-31 22:29:09,548 INFO immoweb: 40 Angebote
2026-07-31 22:29:12,150 INFO Gesendet: Maastrichtersteenweg, 3770 Riemst Vroenhoven | €1.500 p.m. | https://www.immoweb.be/en/classified/21741557
2026-07-31 22:29:12,151 INFO Quelle 'immoweb': 40 Treffer, 1 neu
2026-07-31 22:29:12,151 INFO Lauf beendet: 65 Treffer gesamt, 1 neu gesamt
2026-07-31 23:35:39,412 WARNING Quelle 'huurwoningen' nicht erreichbar: 403 Client Error: Forbidden for url: https://www.huurwoningen.nl/en/in/maastricht/
2026-07-31 23:35:40,132 INFO kamernet: 17 Listings im HTML
2026-07-31 23:35:40,133 INFO kamernet: 17 Listings nach Filterung
2026-07-31 23:35:40,133 INFO Quelle 'kamernet': 17 Treffer, 0 neu
2026-07-31 23:35:42,070 INFO mghousing: API lieferte 43 Objekte
2026-07-31 23:35:42,071 INFO mghousing: 3 Objekte nach Filterung
2026-07-31 23:35:42,072 INFO Quelle 'mghousing': 3 Treffer, 0 neu
2026-07-31 23:36:02,107 WARNING Quelle 'wmm' nicht erreichbar: HTTPSConnectionPool(host='wmm.nl', port=443): Max retries exceeded with url: /en/offers (Caused by ConnectTimeoutError(<HTTPSConnection(host='wmm.nl', port=443) at 0x7f17c77fbbc0>, 'Connection to wmm.nl timed out. (connect timeout=20)'))
2026-07-31 23:36:02,609 INFO maasland: 5 Angebote
2026-07-31 23:36:02,609 INFO Quelle 'maasland': 5 Treffer, 0 neu
2026-07-31 23:36:03,763 INFO immoweb: 40 Angebote
2026-07-31 23:36:03,764 INFO Quelle 'immoweb': 40 Treffer, 0 neu
2026-07-31 23:36:03,764 INFO Lauf beendet: 65 Treffer gesamt, 0 neu gesamt
2026-08-01 01:12:35,402 WARNING Quelle 'huurwoningen' nicht erreichbar: 403 Client Error: Forbidden for url: https://www.huurwoningen.nl/en/in/maastricht/
2026-08-01 01:12:36,194 INFO kamernet: 17 Listings im HTML
2026-08-01 01:12:36,194 INFO kamernet: 17 Listings nach Filterung
2026-08-01 01:12:36,194 INFO Quelle 'kamernet': 17 Treffer, 0 neu
2026-08-01 01:12:39,135 INFO mghousing: API lieferte 43 Objekte
2026-08-01 01:12:39,135 INFO mghousing: 3 Objekte nach Filterung
2026-08-01 01:12:39,136 INFO Quelle 'mghousing': 3 Treffer, 0 neu
2026-08-01 01:12:39,867 INFO wmm: 7 Angebote
2026-08-01 01:12:39,867 INFO Quelle 'wmm': 7 Treffer, 0 neu
2026-08-01 01:12:40,526 INFO maasland: 6 Angebote
2026-08-01 01:12:40,526 INFO Quelle 'maasland': 6 Treffer, 0 neu
2026-08-01 01:12:41,686 INFO immoweb: 40 Angebote
2026-08-01 01:12:41,687 INFO Quelle 'immoweb': 40 Treffer, 0 neu
2026-08-01 01:12:41,687 INFO Lauf beendet: 73 Treffer gesamt, 0 neu gesamt
2026-08-01 04:40:32,368 WARNING Quelle 'huurwoningen' nicht erreichbar: 403 Client Error: Forbidden for url: https://www.huurwoningen.nl/en/in/maastricht/
2026-08-01 04:40:33,212 INFO kamernet: 17 Listings im HTML
2026-08-01 04:40:33,213 INFO kamernet: 17 Listings nach Filterung
2026-08-01 04:40:33,213 INFO Quelle 'kamernet': 17 Treffer, 0 neu
2026-08-01 04:40:36,005 INFO mghousing: API lieferte 43 Objekte
2026-08-01 04:40:36,006 INFO mghousing: 3 Objekte nach Filterung
2026-08-01 04:40:36,008 INFO Quelle 'mghousing': 3 Treffer, 0 neu
2026-08-01 04:40:36,774 INFO wmm: 7 Angebote
2026-08-01 04:40:36,774 INFO Quelle 'wmm': 7 Treffer, 0 neu
2026-08-01 04:40:37,429 INFO maasland: 6 Angebote
2026-08-01 04:40:37,430 INFO Quelle 'maasland': 6 Treffer, 0 neu
2026-08-01 04:40:38,534 INFO immoweb: 40 Angebote
2026-08-01 04:40:38,535 INFO Quelle 'immoweb': 40 Treffer, 0 neu
2026-08-01 04:40:38,536 INFO Lauf beendet: 73 Treffer gesamt, 0 neu gesamt
2026-08-01 07:16:36,092 WARNING Quelle 'huurwoningen' nicht erreichbar: 403 Client Error: Forbidden for url: https://www.huurwoningen.nl/en/in/maastricht/
2026-08-01 07:16:36,648 INFO kamernet: 17 Listings im HTML
2026-08-01 07:16:36,648 INFO kamernet: 16 Listings nach Filterung
2026-08-01 07:16:39,111 INFO Gesendet: Ruiterij, Maastricht | €510 p.m. | https://kamernet.nl/en/for-rent/room-maastricht/ruiterij/room-2396942
2026-08-01 07:16:39,111 INFO Quelle 'kamernet': 16 Treffer, 1 neu
2026-08-01 07:16:40,977 INFO mghousing: API lieferte 43 Objekte
2026-08-01 07:16:40,978 INFO mghousing: 3 Objekte nach Filterung
2026-08-01 07:16:40,980 INFO Quelle 'mghousing': 3 Treffer, 0 neu
2026-08-01 07:17:01,204 WARNING Quelle 'wmm' nicht erreichbar: HTTPSConnectionPool(host='wmm.nl', port=443): Max retries exceeded with url: /en/offers (Caused by ConnectTimeoutError(<HTTPSConnection(host='wmm.nl', port=443) at 0x7fa5879126c0>, 'Connection to wmm.nl timed out. (connect timeout=20)'))
2026-08-01 07:17:01,689 INFO maasland: 6 Angebote
2026-08-01 07:17:01,690 INFO Quelle 'maasland': 6 Treffer, 0 neu
2026-08-01 07:17:02,733 INFO immoweb: 40 Angebote
2026-08-01 07:17:02,734 INFO Quelle 'immoweb': 40 Treffer, 0 neu
2026-08-01 07:17:02,734 INFO Lauf beendet: 65 Treffer gesamt, 1 neu gesamt
2026-08-01 09:28:09,147 WARNING Quelle 'huurwoningen' nicht erreichbar: 403 Client Error: Forbidden for url: https://www.huurwoningen.nl/en/in/maastricht/
2026-08-01 09:28:10,886 INFO kamernet: 17 Listings im HTML
2026-08-01 09:28:10,886 INFO kamernet: 16 Listings nach Filterung
2026-08-01 09:28:10,887 INFO Quelle 'kamernet': 16 Treffer, 0 neu
2026-08-01 09:28:14,561 INFO mghousing: API lieferte 43 Objekte
2026-08-01 09:28:14,561 INFO mghousing: 3 Objekte nach Filterung
2026-08-01 09:28:14,562 INFO Quelle 'mghousing': 3 Treffer, 0 neu
2026-08-01 09:28:18,348 INFO wmm: 7 Angebote
2026-08-01 09:28:18,348 INFO Quelle 'wmm': 7 Treffer, 0 neu
2026-08-01 09:28:19,100 INFO maasland: 6 Angebote
2026-08-01 09:28:19,100 INFO Quelle 'maasland': 6 Treffer, 0 neu
2026-08-01 09:28:20,325 INFO immoweb: 40 Angebote
2026-08-01 09:28:20,325 INFO Quelle 'immoweb': 40 Treffer, 0 neu
2026-08-01 09:28:20,326 INFO Lauf beendet: 72 Treffer gesamt, 0 neu gesamt
2026-08-01 11:03:20,722 WARNING Quelle 'huurwoningen' nicht erreichbar: 403 Client Error: Forbidden for url: https://www.huurwoningen.nl/en/in/maastricht/
2026-08-01 11:03:21,746 INFO kamernet: 17 Listings im HTML
2026-08-01 11:03:21,746 INFO kamernet: 16 Listings nach Filterung
2026-08-01 11:03:21,747 INFO Quelle 'kamernet': 16 Treffer, 0 neu
2026-08-01 11:03:24,426 INFO mghousing: API lieferte 43 Objekte
2026-08-01 11:03:24,426 INFO mghousing: 3 Objekte nach Filterung
2026-08-01 11:03:24,427 INFO Quelle 'mghousing': 3 Treffer, 0 neu
2026-08-01 11:03:44,597 WARNING Quelle 'wmm' nicht erreichbar: HTTPSConnectionPool(host='wmm.nl', port=443): Max retries exceeded with url: /en/offers (Caused by ConnectTimeoutError(<HTTPSConnection(host='wmm.nl', port=443) at 0x7fd5abca0aa0>, 'Connection to wmm.nl timed out. (connect timeout=20)'))
2026-08-01 11:03:45,215 INFO maasland: 6 Angebote
2026-08-01 11:03:45,215 INFO Quelle 'maasland': 6 Treffer, 0 neu
2026-08-01 11:03:46,384 INFO immoweb: 40 Angebote
2026-08-01 11:03:46,385 INFO Quelle 'immoweb': 40 Treffer, 0 neu
2026-08-01 11:03:46,385 INFO Lauf beendet: 65 Treffer gesamt, 0 neu gesamt
2026-08-01 12:10:12,265 WARNING Quelle 'huurwoningen' nicht erreichbar: 403 Client Error: Forbidden for url: https://www.huurwoningen.nl/en/in/maastricht/
2026-08-01 12:10:13,906 INFO kamernet: 17 Listings im HTML
2026-08-01 12:10:13,907 INFO kamernet: 16 Listings nach Filterung
2026-08-01 12:10:13,907 INFO Quelle 'kamernet': 16 Treffer, 0 neu
2026-08-01 12:10:16,227 INFO mghousing: API lieferte 43 Objekte
2026-08-01 12:10:16,227 INFO mghousing: 3 Objekte nach Filterung
2026-08-01 12:10:16,229 INFO Quelle 'mghousing': 3 Treffer, 0 neu
2026-08-01 12:10:36,276 WARNING Quelle 'wmm' nicht erreichbar: HTTPSConnectionPool(host='wmm.nl', port=443): Max retries exceeded with url: /en/offers (Caused by ConnectTimeoutError(<HTTPSConnection(host='wmm.nl', port=443) at 0x7f14bac33d10>, 'Connection to wmm.nl timed out. (connect timeout=20)'))
2026-08-01 12:10:36,964 INFO maasland: 6 Angebote
2026-08-01 12:10:36,964 INFO Quelle 'maasland': 6 Treffer, 0 neu
2026-08-01 12:10:38,085 INFO immoweb: 41 Angebote
2026-08-01 12:10:40,518 INFO Gesendet: Eigenbilzenstraat, 3740 Bilzen | €600 p.m. | https://www.immoweb.be/en/classified/21741895
2026-08-01 12:10:40,519 INFO Quelle 'immoweb': 41 Treffer, 1 neu
2026-08-01 12:10:40,519 INFO Lauf beendet: 66 Treffer gesamt, 1 neu gesamt
2026-08-01 13:57:27,028 WARNING Quelle 'huurwoningen' nicht erreichbar: 403 Client Error: Forbidden for url: https://www.huurwoningen.nl/en/in/maastricht/
2026-08-01 13:57:28,844 INFO kamernet: 17 Listings im HTML
2026-08-01 13:57:28,844 INFO kamernet: 16 Listings nach Filterung
2026-08-01 13:57:28,845 INFO Quelle 'kamernet': 16 Treffer, 0 neu
2026-08-01 13:57:30,891 INFO mghousing: API lieferte 43 Objekte
2026-08-01 13:57:30,892 INFO mghousing: 3 Objekte nach Filterung
2026-08-01 13:57:30,893 INFO Quelle 'mghousing': 3 Treffer, 0 neu
2026-08-01 13:57:50,937 WARNING Quelle 'wmm' nicht erreichbar: HTTPSConnectionPool(host='wmm.nl', port=443): Max retries exceeded with url: /en/offers (Caused by ConnectTimeoutError(<HTTPSConnection(host='wmm.nl', port=443) at 0x7f5413e2fa70>, 'Connection to wmm.nl timed out. (connect timeout=20)'))
2026-08-01 13:57:51,383 INFO maasland: 6 Angebote
2026-08-01 13:57:51,384 INFO Quelle 'maasland': 6 Treffer, 0 neu
2026-08-01 13:57:52,290 INFO immoweb: 42 Angebote
2026-08-01 13:57:54,477 INFO Gesendet: Korenstraat, 3740 Bilzen | €750 p.m. | https://www.immoweb.be/en/classified/21741972
2026-08-01 13:57:54,477 INFO Quelle 'immoweb': 42 Treffer, 1 neu
2026-08-01 13:57:54,478 INFO Lauf beendet: 67 Treffer gesamt, 1 neu gesamt
2026-08-01 15:09:47,200 WARNING Quelle 'huurwoningen' nicht erreichbar: 403 Client Error: Forbidden for url: https://www.huurwoningen.nl/en/in/maastricht/
2026-08-01 15:09:48,013 INFO kamernet: 17 Listings im HTML
2026-08-01 15:09:48,013 INFO kamernet: 16 Listings nach Filterung
2026-08-01 15:09:48,014 INFO Quelle 'kamernet': 16 Treffer, 0 neu
2026-08-01 15:09:50,763 INFO mghousing: API lieferte 43 Objekte
2026-08-01 15:09:50,763 INFO mghousing: 3 Objekte nach Filterung
2026-08-01 15:09:50,765 INFO Quelle 'mghousing': 3 Treffer, 0 neu
2026-08-01 15:09:51,533 INFO wmm: 7 Angebote
2026-08-01 15:09:51,534 INFO Quelle 'wmm': 7 Treffer, 0 neu
2026-08-01 15:09:52,256 INFO maasland: 6 Angebote
2026-08-01 15:09:52,257 INFO Quelle 'maasland': 6 Treffer, 0 neu
2026-08-01 15:09:53,304 INFO immoweb: 42 Angebote
2026-08-01 15:09:53,305 INFO Quelle 'immoweb': 42 Treffer, 0 neu
2026-08-01 15:09:53,305 INFO Lauf beendet: 74 Treffer gesamt, 0 neu gesamt
2026-08-01 16:14:17,407 WARNING Quelle 'huurwoningen' nicht erreichbar: 403 Client Error: Forbidden for url: https://www.huurwoningen.nl/en/in/maastricht/
2026-08-01 16:14:18,234 INFO kamernet: 17 Listings im HTML
2026-08-01 16:14:18,234 INFO kamernet: 16 Listings nach Filterung
2026-08-01 16:14:18,235 INFO Quelle 'kamernet': 16 Treffer, 0 neu
2026-08-01 16:14:20,737 INFO mghousing: API lieferte 43 Objekte
2026-08-01 16:14:20,738 INFO mghousing: 3 Objekte nach Filterung
2026-08-01 16:14:20,740 INFO Quelle 'mghousing': 3 Treffer, 0 neu
2026-08-01 16:14:40,788 WARNING Quelle 'wmm' nicht erreichbar: HTTPSConnectionPool(host='wmm.nl', port=443): Max retries exceeded with url: /en/offers (Caused by ConnectTimeoutError(<HTTPSConnection(host='wmm.nl', port=443) at 0x7f497b52bc80>, 'Connection to wmm.nl timed out. (connect timeout=20)'))
2026-08-01 16:14:41,532 INFO maasland: 6 Angebote
2026-08-01 16:14:41,532 INFO Quelle 'maasland': 6 Treffer, 0 neu
2026-08-01 16:14:42,605 INFO immoweb: 42 Angebote
2026-08-01 16:14:42,606 INFO Quelle 'immoweb': 42 Treffer, 0 neu
2026-08-01 16:14:42,606 INFO Lauf beendet: 67 Treffer gesamt, 0 neu gesamt
2026-08-01 17:26:23,179 WARNING Quelle 'huurwoningen' nicht erreichbar: 403 Client Error: Forbidden for url: https://www.huurwoningen.nl/en/in/maastricht/
2026-08-01 17:26:24,206 INFO kamernet: 17 Listings im HTML
2026-08-01 17:26:24,207 INFO kamernet: 16 Listings nach Filterung
2026-08-01 17:26:24,207 INFO Quelle 'kamernet': 16 Treffer, 0 neu
2026-08-01 17:26:28,205 INFO mghousing: API lieferte 43 Objekte
2026-08-01 17:26:28,206 INFO mghousing: 3 Objekte nach Filterung
2026-08-01 17:26:28,207 INFO Quelle 'mghousing': 3 Treffer, 0 neu
2026-08-01 17:26:48,252 WARNING Quelle 'wmm' nicht erreichbar: HTTPSConnectionPool(host='wmm.nl', port=443): Max retries exceeded with url: /en/offers (Caused by ConnectTimeoutError(<HTTPSConnection(host='wmm.nl', port=443) at 0x7f09d65b3ad0>, 'Connection to wmm.nl timed out. (connect timeout=20)'))
2026-08-01 17:26:48,706 INFO maasland: 6 Angebote
2026-08-01 17:26:48,706 INFO Quelle 'maasland': 6 Treffer, 0 neu
2026-08-01 17:26:49,732 INFO immoweb: 42 Angebote
2026-08-01 17:26:49,733 INFO Quelle 'immoweb': 42 Treffer, 0 neu
2026-08-01 17:26:49,733 INFO Lauf beendet: 67 Treffer gesamt, 0 neu gesamt
2026-08-01 18:32:06,633 WARNING Quelle 'huurwoningen' nicht erreichbar: 403 Client Error: Forbidden for url: https://www.huurwoningen.nl/en/in/maastricht/
2026-08-01 18:32:07,362 INFO kamernet: 17 Listings im HTML
2026-08-01 18:32:07,362 INFO kamernet: 16 Listings nach Filterung
2026-08-01 18:32:07,362 INFO Quelle 'kamernet': 16 Treffer, 0 neu
2026-08-01 18:32:09,232 INFO mghousing: API lieferte 43 Objekte
2026-08-01 18:32:09,232 INFO mghousing: 3 Objekte nach Filterung
2026-08-01 18:32:09,234 INFO Quelle 'mghousing': 3 Treffer, 0 neu
2026-08-01 18:32:29,265 WARNING Quelle 'wmm' nicht erreichbar: HTTPSConnectionPool(host='wmm.nl', port=443): Max retries exceeded with url: /en/offers (Caused by ConnectTimeoutError(<HTTPSConnection(host='wmm.nl', port=443) at 0x7f2d622efd40>, 'Connection to wmm.nl timed out. (connect timeout=20)'))
2026-08-01 18:32:29,752 INFO maasland: 6 Angebote
2026-08-01 18:32:29,752 INFO Quelle 'maasland': 6 Treffer, 0 neu
2026-08-01 18:32:30,822 INFO immoweb: 42 Angebote
2026-08-01 18:32:30,823 INFO Quelle 'immoweb': 42 Treffer, 0 neu
2026-08-01 18:32:30,823 INFO Lauf beendet: 67 Treffer gesamt, 0 neu gesamt
2026-08-01 19:49:24,189 WARNING Quelle 'huurwoningen' nicht erreichbar: 403 Client Error: Forbidden for url: https://www.huurwoningen.nl/en/in/maastricht/
2026-08-01 19:49:24,754 INFO kamernet: 17 Listings im HTML
2026-08-01 19:49:24,755 INFO kamernet: 16 Listings nach Filterung
2026-08-01 19:49:24,755 INFO Quelle 'kamernet': 16 Treffer, 0 neu
2026-08-01 19:49:26,637 INFO mghousing: API lieferte 43 Objekte
2026-08-01 19:49:26,638 INFO mghousing: 3 Objekte nach Filterung
2026-08-01 19:49:26,639 INFO Quelle 'mghousing': 3 Treffer, 0 neu
2026-08-01 19:49:46,668 WARNING Quelle 'wmm' nicht erreichbar: HTTPSConnectionPool(host='wmm.nl', port=443): Max retries exceeded with url: /en/offers (Caused by ConnectTimeoutError(<HTTPSConnection(host='wmm.nl', port=443) at 0x7f21073978c0>, 'Connection to wmm.nl timed out. (connect timeout=20)'))
2026-08-01 19:49:47,308 INFO maasland: 6 Angebote
2026-08-01 19:49:47,309 INFO Quelle 'maasland': 6 Treffer, 0 neu
2026-08-01 19:49:48,303 INFO immoweb: 42 Angebote
2026-08-01 19:49:48,304 INFO Quelle 'immoweb': 42 Treffer, 0 neu
2026-08-01 19:49:48,304 INFO Lauf beendet: 67 Treffer gesamt, 0 neu gesamt
2026-08-01 20:40:11,474 WARNING Quelle 'huurwoningen' nicht erreichbar: 403 Client Error: Forbidden for url: https://www.huurwoningen.nl/en/in/maastricht/
2026-08-01 20:40:12,965 INFO kamernet: 17 Listings im HTML
2026-08-01 20:40:12,966 INFO kamernet: 16 Listings nach Filterung
2026-08-01 20:40:12,966 INFO Quelle 'kamernet': 16 Treffer, 0 neu
2026-08-01 20:40:15,525 INFO mghousing: API lieferte 43 Objekte
2026-08-01 20:40:15,525 INFO mghousing: 3 Objekte nach Filterung
2026-08-01 20:40:15,527 INFO Quelle 'mghousing': 3 Treffer, 0 neu
2026-08-01 20:40:16,365 INFO wmm: 7 Angebote
2026-08-01 20:40:16,365 INFO Quelle 'wmm': 7 Treffer, 0 neu
2026-08-01 20:40:17,130 INFO maasland: 6 Angebote
2026-08-01 20:40:17,131 INFO Quelle 'maasland': 6 Treffer, 0 neu
2026-08-01 20:40:19,160 INFO immoweb: 42 Angebote
2026-08-01 20:40:19,160 INFO Quelle 'immoweb': 42 Treffer, 0 neu
2026-08-01 20:40:19,161 INFO Lauf beendet: 74 Treffer gesamt, 0 neu gesamt
2026-08-01 21:38:36,734 WARNING Quelle 'huurwoningen' nicht erreichbar: 403 Client Error: Forbidden for url: https://www.huurwoningen.nl/en/in/maastricht/
2026-08-01 21:38:37,623 INFO kamernet: 17 Listings im HTML
2026-08-01 21:38:37,624 INFO kamernet: 16 Listings nach Filterung
2026-08-01 21:38:37,624 INFO Quelle 'kamernet': 16 Treffer, 0 neu
2026-08-01 21:38:40,021 INFO mghousing: API lieferte 43 Objekte
2026-08-01 21:38:40,022 INFO mghousing: 3 Objekte nach Filterung
2026-08-01 21:38:40,023 INFO Quelle 'mghousing': 3 Treffer, 0 neu
2026-08-01 21:39:00,257 WARNING Quelle 'wmm' nicht erreichbar: HTTPSConnectionPool(host='wmm.nl', port=443): Max retries exceeded with url: /en/offers (Caused by ConnectTimeoutError(<HTTPSConnection(host='wmm.nl', port=443) at 0x7fcd82c0f980>, 'Connection to wmm.nl timed out. (connect timeout=20)'))
2026-08-01 21:39:00,749 INFO maasland: 6 Angebote
2026-08-01 21:39:00,749 INFO Quelle 'maasland': 6 Treffer, 0 neu
2026-08-01 21:39:01,639 INFO immoweb: 42 Angebote
2026-08-01 21:39:01,640 INFO Quelle 'immoweb': 42 Treffer, 0 neu
2026-08-01 21:39:01,640 INFO Lauf beendet: 67 Treffer gesamt, 0 neu gesamt
2026-08-01 22:39:02,134 WARNING Quelle 'huurwoningen' nicht erreichbar: 403 Client Error: Forbidden for url: https://www.huurwoningen.nl/en/in/maastricht/
2026-08-01 22:39:03,531 INFO kamernet: 17 Listings im HTML
2026-08-01 22:39:03,531 INFO kamernet: 16 Listings nach Filterung
2026-08-01 22:39:03,532 INFO Quelle 'kamernet': 16 Treffer, 0 neu
2026-08-01 22:39:06,397 INFO mghousing: API lieferte 43 Objekte
2026-08-01 22:39:06,398 INFO mghousing: 3 Objekte nach Filterung
2026-08-01 22:39:06,400 INFO Quelle 'mghousing': 3 Treffer, 0 neu
2026-08-01 22:39:07,070 INFO wmm: 7 Angebote
2026-08-01 22:39:07,070 INFO Quelle 'wmm': 7 Treffer, 0 neu
2026-08-01 22:39:07,683 INFO maasland: 6 Angebote
2026-08-01 22:39:07,683 INFO Quelle 'maasland': 6 Treffer, 0 neu
2026-08-01 22:39:08,881 INFO immoweb: 42 Angebote
2026-08-01 22:39:08,882 INFO Quelle 'immoweb': 42 Treffer, 0 neu
2026-08-01 22:39:08,882 INFO Lauf beendet: 74 Treffer gesamt, 0 neu gesamt
2026-08-01 23:41:49,907 WARNING Quelle 'huurwoningen' nicht erreichbar: 403 Client Error: Forbidden for url: https://www.huurwoningen.nl/en/in/maastricht/
2026-08-01 23:41:51,599 INFO kamernet: 17 Listings im HTML
2026-08-01 23:41:51,600 INFO kamernet: 16 Listings nach Filterung
2026-08-01 23:41:51,600 INFO Quelle 'kamernet': 16 Treffer, 0 neu
2026-08-01 23:41:54,375 INFO mghousing: API lieferte 43 Objekte
2026-08-01 23:41:54,376 INFO mghousing: 3 Objekte nach Filterung
2026-08-01 23:41:54,377 INFO Quelle 'mghousing': 3 Treffer, 0 neu
2026-08-01 23:41:55,020 INFO wmm: 7 Angebote
2026-08-01 23:41:55,020 INFO Quelle 'wmm': 7 Treffer, 0 neu
2026-08-01 23:41:55,582 INFO maasland: 6 Angebote
2026-08-01 23:41:55,582 INFO Quelle 'maasland': 6 Treffer, 0 neu
2026-08-01 23:41:56,545 INFO immoweb: 42 Angebote
2026-08-01 23:41:56,546 INFO Quelle 'immoweb': 42 Treffer, 0 neu
2026-08-01 23:41:56,546 INFO Lauf beendet: 74 Treffer gesamt, 0 neu gesamt
2026-08-02 01:17:10,045 WARNING Quelle 'huurwoningen' nicht erreichbar: 403 Client Error: Forbidden for url: https://www.huurwoningen.nl/en/in/maastricht/
2026-08-02 01:17:10,680 INFO kamernet: 17 Listings im HTML
2026-08-02 01:17:10,680 INFO kamernet: 16 Listings nach Filterung
2026-08-02 01:17:10,680 INFO Quelle 'kamernet': 16 Treffer, 0 neu
2026-08-02 01:17:13,042 INFO mghousing: API lieferte 43 Objekte
2026-08-02 01:17:13,042 INFO mghousing: 3 Objekte nach Filterung
2026-08-02 01:17:13,044 INFO Quelle 'mghousing': 3 Treffer, 0 neu
2026-08-02 01:17:13,697 INFO wmm: 7 Angebote
2026-08-02 01:17:13,698 INFO Quelle 'wmm': 7 Treffer, 0 neu
2026-08-02 01:17:14,196 INFO maasland: 6 Angebote
2026-08-02 01:17:14,196 INFO Quelle 'maasland': 6 Treffer, 0 neu
2026-08-02 01:17:15,257 INFO immoweb: 42 Angebote
2026-08-02 01:17:15,258 INFO Quelle 'immoweb': 42 Treffer, 0 neu
2026-08-02 01:17:15,258 INFO Lauf beendet: 74 Treffer gesamt, 0 neu gesamt
2026-08-02 04:44:22,526 WARNING Quelle 'huurwoningen' nicht erreichbar: 403 Client Error: Forbidden for url: https://www.huurwoningen.nl/en/in/maastricht/
2026-08-02 04:44:23,363 INFO kamernet: 17 Listings im HTML
2026-08-02 04:44:23,363 INFO kamernet: 16 Listings nach Filterung
2026-08-02 04:44:23,363 INFO Quelle 'kamernet': 16 Treffer, 0 neu
2026-08-02 04:44:26,789 INFO mghousing: API lieferte 43 Objekte
2026-08-02 04:44:26,789 INFO mghousing: 3 Objekte nach Filterung
2026-08-02 04:44:26,791 INFO Quelle 'mghousing': 3 Treffer, 0 neu
2026-08-02 04:44:32,207 INFO wmm: 7 Angebote
2026-08-02 04:44:32,208 INFO Quelle 'wmm': 7 Treffer, 0 neu
2026-08-02 04:44:32,934 INFO maasland: 6 Angebote
2026-08-02 04:44:32,934 INFO Quelle 'maasland': 6 Treffer, 0 neu
2026-08-02 04:44:34,356 INFO immoweb: 42 Angebote
2026-08-02 04:44:34,357 INFO Quelle 'immoweb': 42 Treffer, 0 neu
2026-08-02 04:44:34,357 INFO Lauf beendet: 74 Treffer gesamt, 0 neu gesamt
2026-08-02 07:24:03,440 WARNING Quelle 'huurwoningen' nicht erreichbar: 403 Client Error: Forbidden for url: https://www.huurwoningen.nl/en/in/maastricht/
2026-08-02 07:24:04,485 INFO kamernet: 17 Listings im HTML
2026-08-02 07:24:04,485 INFO kamernet: 16 Listings nach Filterung
2026-08-02 07:24:04,486 INFO Quelle 'kamernet': 16 Treffer, 0 neu
2026-08-02 07:24:06,510 INFO mghousing: API lieferte 43 Objekte
2026-08-02 07:24:06,511 INFO mghousing: 3 Objekte nach Filterung
2026-08-02 07:24:06,513 INFO Quelle 'mghousing': 3 Treffer, 0 neu
2026-08-02 07:24:26,549 WARNING Quelle 'wmm' nicht erreichbar: HTTPSConnectionPool(host='wmm.nl', port=443): Max retries exceeded with url: /en/offers (Caused by ConnectTimeoutError(<HTTPSConnection(host='wmm.nl', port=443) at 0x7f2cc1193cb0>, 'Connection to wmm.nl timed out. (connect timeout=20)'))
2026-08-02 07:24:26,988 INFO maasland: 6 Angebote
2026-08-02 07:24:26,988 INFO Quelle 'maasland': 6 Treffer, 0 neu
2026-08-02 07:24:28,107 INFO immoweb: 42 Angebote
2026-08-02 07:24:28,108 INFO Quelle 'immoweb': 42 Treffer, 0 neu
2026-08-02 07:24:28,108 INFO Lauf beendet: 67 Treffer gesamt, 0 neu gesamt
2026-08-02 09:33:55,656 WARNING Quelle 'huurwoningen' nicht erreichbar: 403 Client Error: Forbidden for url: https://www.huurwoningen.nl/en/in/maastricht/
2026-08-02 09:33:56,433 INFO kamernet: 17 Listings im HTML
2026-08-02 09:33:56,433 INFO kamernet: 17 Listings nach Filterung
2026-08-02 09:33:59,128 INFO Gesendet: Proosdijweg, Maastricht | €580 p.m. | https://kamernet.nl/en/for-rent/room-maastricht/proosdijweg/room-2397085
2026-08-02 09:33:59,129 INFO Quelle 'kamernet': 17 Treffer, 1 neu
2026-08-02 09:34:01,685 INFO mghousing: API lieferte 43 Objekte
2026-08-02 09:34:01,686 INFO mghousing: 3 Objekte nach Filterung
2026-08-02 09:34:01,687 INFO Quelle 'mghousing': 3 Treffer, 0 neu
2026-08-02 09:34:21,749 WARNING Quelle 'wmm' nicht erreichbar: HTTPSConnectionPool(host='wmm.nl', port=443): Max retries exceeded with url: /en/offers (Caused by ConnectTimeoutError(<HTTPSConnection(host='wmm.nl', port=443) at 0x7f1468b87500>, 'Connection to wmm.nl timed out. (connect timeout=20)'))
2026-08-02 09:34:22,285 INFO maasland: 6 Angebote
2026-08-02 09:34:22,285 INFO Quelle 'maasland': 6 Treffer, 0 neu
2026-08-02 09:34:23,420 INFO immoweb: 42 Angebote
2026-08-02 09:34:23,421 INFO Quelle 'immoweb': 42 Treffer, 0 neu
2026-08-02 09:34:23,421 INFO Lauf beendet: 68 Treffer gesamt, 1 neu gesamt
2026-08-02 11:05:16,680 WARNING Quelle 'huurwoningen' nicht erreichbar: 403 Client Error: Forbidden for url: https://www.huurwoningen.nl/en/in/maastricht/
2026-08-02 11:05:17,301 INFO kamernet: 17 Listings im HTML
2026-08-02 11:05:17,301 INFO kamernet: 17 Listings nach Filterung
2026-08-02 11:05:17,302 INFO Quelle 'kamernet': 17 Treffer, 0 neu
2026-08-02 11:05:19,656 INFO mghousing: API lieferte 43 Objekte
2026-08-02 11:05:19,657 INFO mghousing: 3 Objekte nach Filterung
2026-08-02 11:05:19,659 INFO Quelle 'mghousing': 3 Treffer, 0 neu
2026-08-02 11:05:39,690 WARNING Quelle 'wmm' nicht erreichbar: HTTPSConnectionPool(host='wmm.nl', port=443): Max retries exceeded with url: /en/offers (Caused by ConnectTimeoutError(<HTTPSConnection(host='wmm.nl', port=443) at 0x7f0955f0fce0>, 'Connection to wmm.nl timed out. (connect timeout=20)'))
2026-08-02 11:05:40,179 INFO maasland: 6 Angebote
2026-08-02 11:05:40,179 INFO Quelle 'maasland': 6 Treffer, 0 neu
2026-08-02 11:05:41,134 INFO immoweb: 42 Angebote
2026-08-02 11:05:41,135 INFO Quelle 'immoweb': 42 Treffer, 0 neu
2026-08-02 11:05:41,136 INFO Lauf beendet: 68 Treffer gesamt, 0 neu gesamt
2026-08-02 12:14:07,872 WARNING Quelle 'huurwoningen' nicht erreichbar: 403 Client Error: Forbidden for url: https://www.huurwoningen.nl/en/in/maastricht/
2026-08-02 12:14:08,387 INFO kamernet: 17 Listings im HTML
2026-08-02 12:14:08,387 INFO kamernet: 17 Listings nach Filterung
2026-08-02 12:14:08,388 INFO Quelle 'kamernet': 17 Treffer, 0 neu
2026-08-02 12:14:11,157 INFO mghousing: API lieferte 43 Objekte
2026-08-02 12:14:11,158 INFO mghousing: 3 Objekte nach Filterung
2026-08-02 12:14:11,160 INFO Quelle 'mghousing': 3 Treffer, 0 neu
2026-08-02 12:14:11,865 INFO wmm: 7 Angebote
2026-08-02 12:14:11,866 INFO Quelle 'wmm': 7 Treffer, 0 neu
2026-08-02 12:14:12,283 INFO maasland: 6 Angebote
2026-08-02 12:14:12,283 INFO Quelle 'maasland': 6 Treffer, 0 neu
2026-08-02 12:14:13,286 INFO immoweb: 42 Angebote
2026-08-02 12:14:13,287 INFO Quelle 'immoweb': 42 Treffer, 0 neu
2026-08-02 12:14:13,287 INFO Lauf beendet: 75 Treffer gesamt, 0 neu gesamt
2026-08-02 14:02:25,927 WARNING Quelle 'huurwoningen' nicht erreichbar: 403 Client Error: Forbidden for url: https://www.huurwoningen.nl/en/in/maastricht/
2026-08-02 14:02:26,498 INFO kamernet: 17 Listings im HTML
2026-08-02 14:02:26,498 INFO kamernet: 17 Listings nach Filterung
2026-08-02 14:02:26,499 INFO Quelle 'kamernet': 17 Treffer, 0 neu
2026-08-02 14:02:28,361 INFO mghousing: API lieferte 43 Objekte
2026-08-02 14:02:28,361 INFO mghousing: 3 Objekte nach Filterung
2026-08-02 14:02:28,363 INFO Quelle 'mghousing': 3 Treffer, 0 neu
2026-08-02 14:02:48,393 WARNING Quelle 'wmm' nicht erreichbar: HTTPSConnectionPool(host='wmm.nl', port=443): Max retries exceeded with url: /en/offers (Caused by ConnectTimeoutError(<HTTPSConnection(host='wmm.nl', port=443) at 0x7fdce419bad0>, 'Connection to wmm.nl timed out. (connect timeout=20)'))
2026-08-02 14:02:48,841 INFO maasland: 6 Angebote
2026-08-02 14:02:48,841 INFO Quelle 'maasland': 6 Treffer, 0 neu
2026-08-02 14:02:49,902 INFO immoweb: 42 Angebote
2026-08-02 14:02:49,903 INFO Quelle 'immoweb': 42 Treffer, 0 neu
2026-08-02 14:02:49,903 INFO Lauf beendet: 68 Treffer gesamt, 0 neu gesamt
2026-08-02 15:15:08,896 WARNING Quelle 'huurwoningen' nicht erreichbar: 403 Client Error: Forbidden for url: https://www.huurwoningen.nl/en/in/maastricht/
2026-08-02 15:15:09,631 INFO kamernet: 17 Listings im HTML
2026-08-02 15:15:09,631 INFO kamernet: 17 Listings nach Filterung
2026-08-02 15:15:09,631 INFO Quelle 'kamernet': 17 Treffer, 0 neu
2026-08-02 15:15:13,255 INFO mghousing: API lieferte 43 Objekte
2026-08-02 15:15:13,255 INFO mghousing: 3 Objekte nach Filterung
2026-08-02 15:15:13,257 INFO Quelle 'mghousing': 3 Treffer, 0 neu
2026-08-02 15:15:33,447 WARNING Quelle 'wmm' nicht erreichbar: HTTPSConnectionPool(host='wmm.nl', port=443): Max retries exceeded with url: /en/offers (Caused by ConnectTimeoutError(<HTTPSConnection(host='wmm.nl', port=443) at 0x7f41d4d1bce0>, 'Connection to wmm.nl timed out. (connect timeout=20)'))
2026-08-02 15:15:34,045 INFO maasland: 6 Angebote
2026-08-02 15:15:34,045 INFO Quelle 'maasland': 6 Treffer, 0 neu
2026-08-02 15:15:35,165 INFO immoweb: 42 Angebote
2026-08-02 15:15:35,165 INFO Quelle 'immoweb': 42 Treffer, 0 neu
2026-08-02 15:15:35,166 INFO Lauf beendet: 68 Treffer gesamt, 0 neu gesamt
2026-08-02 16:25:46,655 WARNING Quelle 'huurwoningen' nicht erreichbar: 403 Client Error: Forbidden for url: https://www.huurwoningen.nl/en/in/maastricht/
2026-08-02 16:25:47,635 INFO kamernet: 17 Listings im HTML
2026-08-02 16:25:47,636 INFO kamernet: 17 Listings nach Filterung
2026-08-02 16:25:47,636 INFO Quelle 'kamernet': 17 Treffer, 0 neu
2026-08-02 16:25:50,815 INFO mghousing: API lieferte 43 Objekte
2026-08-02 16:25:50,815 INFO mghousing: 3 Objekte nach Filterung
2026-08-02 16:25:50,817 INFO Quelle 'mghousing': 3 Treffer, 0 neu
2026-08-02 16:25:51,661 INFO wmm: 7 Angebote
2026-08-02 16:25:51,661 INFO Quelle 'wmm': 7 Treffer, 0 neu
2026-08-02 16:25:52,290 INFO maasland: 6 Angebote
2026-08-02 16:25:52,291 INFO Quelle 'maasland': 6 Treffer, 0 neu
2026-08-02 16:25:53,655 INFO immoweb: 42 Angebote
2026-08-02 16:25:53,655 INFO Quelle 'immoweb': 42 Treffer, 0 neu
2026-08-02 16:25:53,656 INFO Lauf beendet: 75 Treffer gesamt, 0 neu gesamt
2026-08-02 17:35:04,797 WARNING Quelle 'huurwoningen' nicht erreichbar: 403 Client Error: Forbidden for url: https://www.huurwoningen.nl/en/in/maastricht/
2026-08-02 17:35:05,553 INFO kamernet: 17 Listings im HTML
2026-08-02 17:35:05,553 INFO kamernet: 17 Listings nach Filterung
2026-08-02 17:35:05,554 INFO Quelle 'kamernet': 17 Treffer, 0 neu
2026-08-02 17:35:08,891 INFO mghousing: API lieferte 43 Objekte
2026-08-02 17:35:08,892 INFO mghousing: 3 Objekte nach Filterung
2026-08-02 17:35:08,893 INFO Quelle 'mghousing': 3 Treffer, 0 neu
2026-08-02 17:35:09,592 INFO wmm: 7 Angebote
2026-08-02 17:35:09,592 INFO Quelle 'wmm': 7 Treffer, 0 neu
2026-08-02 17:35:10,196 INFO maasland: 6 Angebote
2026-08-02 17:35:10,196 INFO Quelle 'maasland': 6 Treffer, 0 neu
2026-08-02 17:35:12,192 INFO immoweb: 42 Angebote
2026-08-02 17:35:12,193 INFO Quelle 'immoweb': 42 Treffer, 0 neu
2026-08-02 17:35:12,193 INFO Lauf beendet: 75 Treffer gesamt, 0 neu gesamt
2026-08-02 18:39:07,753 WARNING Quelle 'huurwoningen' nicht erreichbar: 403 Client Error: Forbidden for url: https://www.huurwoningen.nl/en/in/maastricht/
2026-08-02 18:39:08,536 INFO kamernet: 17 Listings im HTML
2026-08-02 18:39:08,537 INFO kamernet: 17 Listings nach Filterung
2026-08-02 18:39:08,537 INFO Quelle 'kamernet': 17 Treffer, 0 neu
2026-08-02 18:39:11,332 INFO mghousing: API lieferte 43 Objekte
2026-08-02 18:39:11,332 INFO mghousing: 3 Objekte nach Filterung
2026-08-02 18:39:11,334 INFO Quelle 'mghousing': 3 Treffer, 0 neu
2026-08-02 18:39:31,371 WARNING Quelle 'wmm' nicht erreichbar: HTTPSConnectionPool(host='wmm.nl', port=443): Max retries exceeded with url: /en/offers (Caused by ConnectTimeoutError(<HTTPSConnection(host='wmm.nl', port=443) at 0x7f7b3194b740>, 'Connection to wmm.nl timed out. (connect timeout=20)'))
2026-08-02 18:39:31,999 INFO maasland: 6 Angebote
2026-08-02 18:39:31,999 INFO Quelle 'maasland': 6 Treffer, 0 neu
2026-08-02 18:39:33,355 INFO immoweb: 42 Angebote
2026-08-02 18:39:33,356 INFO Quelle 'immoweb': 42 Treffer, 0 neu
2026-08-02 18:39:33,356 INFO Lauf beendet: 68 Treffer gesamt, 0 neu gesamt
2026-08-02 19:55:10,218 WARNING Quelle 'huurwoningen' nicht erreichbar: 403 Client Error: Forbidden for url: https://www.huurwoningen.nl/en/in/maastricht/
2026-08-02 19:55:11,181 INFO kamernet: 17 Listings im HTML
2026-08-02 19:55:11,182 INFO kamernet: 17 Listings nach Filterung
2026-08-02 19:55:11,182 INFO Quelle 'kamernet': 17 Treffer, 0 neu
2026-08-02 19:55:13,562 INFO mghousing: API lieferte 43 Objekte
2026-08-02 19:55:13,563 INFO mghousing: 3 Objekte nach Filterung
2026-08-02 19:55:13,565 INFO Quelle 'mghousing': 3 Treffer, 0 neu
2026-08-02 19:55:33,601 WARNING Quelle 'wmm' nicht erreichbar: HTTPSConnectionPool(host='wmm.nl', port=443): Max retries exceeded with url: /en/offers (Caused by ConnectTimeoutError(<HTTPSConnection(host='wmm.nl', port=443) at 0x7f12aab4fe90>, 'Connection to wmm.nl timed out. (connect timeout=20)'))
2026-08-02 19:55:34,065 INFO maasland: 6 Angebote
2026-08-02 19:55:34,065 INFO Quelle 'maasland': 6 Treffer, 0 neu
2026-08-02 19:55:35,172 INFO immoweb: 42 Angebote
2026-08-02 19:55:35,173 INFO Quelle 'immoweb': 42 Treffer, 0 neu
2026-08-02 19:55:35,173 INFO Lauf beendet: 68 Treffer gesamt, 0 neu gesamt
2026-08-02 21:01:20,485 WARNING Quelle 'huurwoningen' nicht erreichbar: 403 Client Error: Forbidden for url: https://www.huurwoningen.nl/en/in/maastricht/
2026-08-02 21:01:21,621 INFO kamernet: 17 Listings im HTML
2026-08-02 21:01:21,621 INFO kamernet: 17 Listings nach Filterung
2026-08-02 21:01:23,860 INFO Gesendet: Einsteinstraat, Maastricht | €545 p.m. | https://kamernet.nl/en/for-rent/room-maastricht/einsteinstraat/room-2302689
2026-08-02 21:01:23,860 INFO Quelle 'kamernet': 17 Treffer, 1 neu
2026-08-02 21:01:25,770 INFO mghousing: API lieferte 43 Objekte
2026-08-02 21:01:25,770 INFO mghousing: 3 Objekte nach Filterung
2026-08-02 21:01:25,772 INFO Quelle 'mghousing': 3 Treffer, 0 neu
2026-08-02 21:01:45,803 WARNING Quelle 'wmm' nicht erreichbar: HTTPSConnectionPool(host='wmm.nl', port=443): Max retries exceeded with url: /en/offers (Caused by ConnectTimeoutError(<HTTPSConnection(host='wmm.nl', port=443) at 0x7f0c9308b830>, 'Connection to wmm.nl timed out. (connect timeout=20)'))
2026-08-02 21:01:46,250 INFO maasland: 6 Angebote
2026-08-02 21:01:46,250 INFO Quelle 'maasland': 6 Treffer, 0 neu
2026-08-02 21:01:47,229 INFO immoweb: 42 Angebote
2026-08-02 21:01:47,230 INFO Quelle 'immoweb': 42 Treffer, 0 neu
2026-08-02 21:01:47,230 INFO Lauf beendet: 68 Treffer gesamt, 1 neu gesamt
2026-08-02 22:06:01,004 WARNING Quelle 'huurwoningen' nicht erreichbar: 403 Client Error: Forbidden for url: https://www.huurwoningen.nl/en/in/maastricht/
2026-08-02 22:06:01,666 INFO kamernet: 17 Listings im HTML
2026-08-02 22:06:01,666 INFO kamernet: 17 Listings nach Filterung
2026-08-02 22:06:01,666 INFO Quelle 'kamernet': 17 Treffer, 0 neu
2026-08-02 22:06:04,709 INFO mghousing: API lieferte 43 Objekte
2026-08-02 22:06:04,710 INFO mghousing: 3 Objekte nach Filterung
2026-08-02 22:06:04,711 INFO Quelle 'mghousing': 3 Treffer, 0 neu
2026-08-02 22:06:24,769 WARNING Quelle 'wmm' nicht erreichbar: HTTPSConnectionPool(host='wmm.nl', port=443): Max retries exceeded with url: /en/offers (Caused by ConnectTimeoutError(<HTTPSConnection(host='wmm.nl', port=443) at 0x7fa8508bfe60>, 'Connection to wmm.nl timed out. (connect timeout=20)'))
2026-08-02 22:06:25,274 INFO maasland: 6 Angebote
2026-08-02 22:06:25,274 INFO Quelle 'maasland': 6 Treffer, 0 neu
2026-08-02 22:06:26,209 INFO immoweb: 42 Angebote
2026-08-02 22:06:26,209 INFO Quelle 'immoweb': 42 Treffer, 0 neu
2026-08-02 22:06:26,209 INFO Lauf beendet: 68 Treffer gesamt, 0 neu gesamt
2026-08-02 23:09:44,551 WARNING Quelle 'huurwoningen' nicht erreichbar: 403 Client Error: Forbidden for url: https://www.huurwoningen.nl/en/in/maastricht/
2026-08-02 23:09:45,899 INFO kamernet: 17 Listings im HTML
2026-08-02 23:09:45,899 INFO kamernet: 17 Listings nach Filterung
2026-08-02 23:09:45,900 INFO Quelle 'kamernet': 17 Treffer, 0 neu
2026-08-02 23:09:48,997 INFO mghousing: API lieferte 43 Objekte
2026-08-02 23:09:48,997 INFO mghousing: 3 Objekte nach Filterung
2026-08-02 23:09:48,999 INFO Quelle 'mghousing': 3 Treffer, 0 neu
2026-08-02 23:10:09,043 WARNING Quelle 'wmm' nicht erreichbar: HTTPSConnectionPool(host='wmm.nl', port=443): Max retries exceeded with url: /en/offers (Caused by ConnectTimeoutError(<HTTPSConnection(host='wmm.nl', port=443) at 0x7fe42b3836e0>, 'Connection to wmm.nl timed out. (connect timeout=20)'))
2026-08-02 23:10:09,649 INFO maasland: 6 Angebote
2026-08-02 23:10:09,649 INFO Quelle 'maasland': 6 Treffer, 0 neu
2026-08-02 23:10:11,573 INFO immoweb: 42 Angebote
2026-08-02 23:10:11,574 INFO Quelle 'immoweb': 42 Treffer, 0 neu
2026-08-02 23:10:11,574 INFO Lauf beendet: 68 Treffer gesamt, 0 neu gesamt
2026-08-03 00:13:45,174 WARNING Quelle 'huurwoningen' nicht erreichbar: 403 Client Error: Forbidden for url: https://www.huurwoningen.nl/en/in/maastricht/
2026-08-03 00:13:45,711 INFO kamernet: 17 Listings im HTML
2026-08-03 00:13:45,711 INFO kamernet: 17 Listings nach Filterung
2026-08-03 00:13:45,711 INFO Quelle 'kamernet': 17 Treffer, 0 neu
2026-08-03 00:13:48,959 INFO mghousing: API lieferte 43 Objekte
2026-08-03 00:13:48,960 INFO mghousing: 3 Objekte nach Filterung
2026-08-03 00:13:48,962 INFO Quelle 'mghousing': 3 Treffer, 0 neu
2026-08-03 00:13:49,661 INFO wmm: 7 Angebote
2026-08-03 00:13:49,661 INFO Quelle 'wmm': 7 Treffer, 0 neu
2026-08-03 00:13:50,228 INFO maasland: 5 Angebote
2026-08-03 00:13:50,228 INFO Quelle 'maasland': 5 Treffer, 0 neu
2026-08-03 00:13:52,242 INFO immoweb: 42 Angebote
2026-08-03 00:13:52,243 INFO Quelle 'immoweb': 42 Treffer, 0 neu
2026-08-03 00:13:52,243 INFO Lauf beendet: 74 Treffer gesamt, 0 neu gesamt
2026-08-03 04:01:07,053 WARNING Quelle 'huurwoningen' nicht erreichbar: 403 Client Error: Forbidden for url: https://www.huurwoningen.nl/en/in/maastricht/
2026-08-03 04:01:09,449 INFO kamernet: 17 Listings im HTML
2026-08-03 04:01:09,450 INFO kamernet: 17 Listings nach Filterung
2026-08-03 04:01:09,450 INFO Quelle 'kamernet': 17 Treffer, 0 neu
2026-08-03 04:01:12,870 INFO mghousing: API lieferte 43 Objekte
2026-08-03 04:01:12,870 INFO mghousing: 3 Objekte nach Filterung
2026-08-03 04:01:12,872 INFO Quelle 'mghousing': 3 Treffer, 0 neu
2026-08-03 04:01:13,546 INFO wmm: 7 Angebote
2026-08-03 04:01:13,546 INFO Quelle 'wmm': 7 Treffer, 0 neu
2026-08-03 04:01:14,105 INFO maasland: 5 Angebote
2026-08-03 04:01:14,105 INFO Quelle 'maasland': 5 Treffer, 0 neu
2026-08-03 04:01:15,282 INFO immoweb: 42 Angebote
2026-08-03 04:01:15,283 INFO Quelle 'immoweb': 42 Treffer, 0 neu
2026-08-03 04:01:15,283 INFO Lauf beendet: 74 Treffer gesamt, 0 neu gesamt
2026-08-03 07:39:01,311 WARNING Quelle 'huurwoningen' nicht erreichbar: 403 Client Error: Forbidden for url: https://www.huurwoningen.nl/en/in/maastricht/
2026-08-03 07:39:02,255 INFO kamernet: 17 Listings im HTML
2026-08-03 07:39:02,255 INFO kamernet: 17 Listings nach Filterung
2026-08-03 07:39:02,256 INFO Quelle 'kamernet': 17 Treffer, 0 neu
2026-08-03 07:39:05,596 INFO mghousing: API lieferte 43 Objekte
2026-08-03 07:39:05,596 INFO mghousing: 3 Objekte nach Filterung
2026-08-03 07:39:05,598 INFO Quelle 'mghousing': 3 Treffer, 0 neu
2026-08-03 07:39:06,170 INFO wmm: 8 Angebote
2026-08-03 07:39:08,778 INFO Gesendet: Meerssenerweg 370, Maastricht | €589,27 / month (incl.) | https://wmm.nl/en/offers/maastricht/meerssenerweg-370/8657
2026-08-03 07:39:11,217 INFO Gesendet: Brusselsestraat 150, Maastricht | €479,90 / month (incl.) | https://wmm.nl/en/offers/maastricht/brusselsestraat-150/9544
2026-08-03 07:39:11,217 INFO Quelle 'wmm': 8 Treffer, 2 neu
2026-08-03 07:39:11,716 INFO maasland: 5 Angebote
2026-08-03 07:39:11,716 INFO Quelle 'maasland': 5 Treffer, 0 neu
2026-08-03 07:39:12,774 INFO immoweb: 42 Angebote
2026-08-03 07:39:12,774 INFO Quelle 'immoweb': 42 Treffer, 0 neu
2026-08-03 07:39:12,774 INFO Lauf beendet: 75 Treffer gesamt, 2 neu gesamt
2026-08-03 10:58:54,245 WARNING Quelle 'huurwoningen' nicht erreichbar: 403 Client Error: Forbidden for url: https://www.huurwoningen.nl/en/in/maastricht/
2026-08-03 10:58:54,940 INFO kamernet: 17 Listings im HTML
2026-08-03 10:58:54,940 INFO kamernet: 17 Listings nach Filterung
2026-08-03 10:58:54,941 INFO Quelle 'kamernet': 17 Treffer, 0 neu
2026-08-03 10:58:57,272 INFO mghousing: API lieferte 42 Objekte
2026-08-03 10:58:57,273 INFO mghousing: 3 Objekte nach Filterung
2026-08-03 10:58:57,275 INFO Quelle 'mghousing': 3 Treffer, 0 neu
2026-08-03 10:59:17,310 WARNING Quelle 'wmm' nicht erreichbar: HTTPSConnectionPool(host='wmm.nl', port=443): Max retries exceeded with url: /en/offers (Caused by ConnectTimeoutError(<HTTPSConnection(host='wmm.nl', port=443) at 0x7f7e8848ffe0>, 'Connection to wmm.nl timed out. (connect timeout=20)'))
2026-08-03 10:59:17,788 INFO maasland: 5 Angebote
2026-08-03 10:59:17,788 INFO Quelle 'maasland': 5 Treffer, 0 neu
2026-08-03 10:59:19,111 INFO immoweb: 40 Angebote
2026-08-03 10:59:19,112 INFO Quelle 'immoweb': 40 Treffer, 0 neu
2026-08-03 10:59:19,112 INFO Lauf beendet: 65 Treffer gesamt, 0 neu gesamt
2026-08-03 13:46:49,428 WARNING Quelle 'huurwoningen' nicht erreichbar: 403 Client Error: Forbidden for url: https://www.huurwoningen.nl/en/in/maastricht/
2026-08-03 13:46:49,979 INFO kamernet: 17 Listings im HTML
2026-08-03 13:46:49,979 INFO kamernet: 17 Listings nach Filterung
2026-08-03 13:46:49,980 INFO Quelle 'kamernet': 17 Treffer, 0 neu
2026-08-03 13:46:52,173 INFO mghousing: API lieferte 42 Objekte
2026-08-03 13:46:52,174 INFO mghousing: 4 Objekte nach Filterung
2026-08-03 13:46:54,305 INFO Gesendet: Wycker Grachtstraat 28 | €955 p.m. | https://mghousing.nl/en/listings/rentals/6a7079871cc5ac3021442f8e
2026-08-03 13:46:54,305 INFO Quelle 'mghousing': 4 Treffer, 1 neu
2026-08-03 13:47:14,365 WARNING Quelle 'wmm' nicht erreichbar: HTTPSConnectionPool(host='wmm.nl', port=443): Max retries exceeded with url: /en/offers (Caused by ConnectTimeoutError(<HTTPSConnection(host='wmm.nl', port=443) at 0x7f3350a67b30>, 'Connection to wmm.nl timed out. (connect timeout=20)'))
2026-08-03 13:47:14,825 INFO maasland: 5 Angebote
2026-08-03 13:47:14,826 INFO Quelle 'maasland': 5 Treffer, 0 neu
2026-08-03 13:47:15,833 INFO immoweb: 39 Angebote
2026-08-03 13:47:15,834 INFO Quelle 'immoweb': 39 Treffer, 0 neu
2026-08-03 13:47:15,834 INFO Lauf beendet: 65 Treffer gesamt, 1 neu gesamt
2026-08-03 16:11:39,719 WARNING Quelle 'huurwoningen' nicht erreichbar: 403 Client Error: Forbidden for url: https://www.huurwoningen.nl/en/in/maastricht/
2026-08-03 16:11:40,473 INFO kamernet: 17 Listings im HTML
2026-08-03 16:11:40,474 INFO kamernet: 17 Listings nach Filterung
2026-08-03 16:11:40,474 INFO Quelle 'kamernet': 17 Treffer, 0 neu
2026-08-03 16:11:43,570 INFO mghousing: API lieferte 42 Objekte
2026-08-03 16:11:43,570 INFO mghousing: 3 Objekte nach Filterung
2026-08-03 16:11:43,572 INFO Quelle 'mghousing': 3 Treffer, 0 neu
2026-08-03 16:11:44,423 INFO wmm: 14 Angebote
2026-08-03 16:11:47,271 INFO Gesendet: Meerssenerweg 35, Maastricht | €699,16 / month (incl.) | https://wmm.nl/en/offers/maastricht/meerssenerweg-35/7335
2026-08-03 16:11:49,816 INFO Gesendet: Meerssenerweg 13, Maastricht | €723,77 / month (incl.) | https://wmm.nl/en/offers/maastricht/meerssenerweg-13/8214
2026-08-03 16:11:52,218 INFO Gesendet: Statensingel 201, Maastricht | €539,26 / month (incl.) | https://wmm.nl/en/offers/maastricht/statensingel-201/8245
2026-08-03 16:11:54,739 INFO Gesendet: Bourgognestraat 68, Maastricht | €644,41 / month (incl.) | https://wmm.nl/en/offers/maastricht/bourgognestraat-68/8313
2026-08-03 16:11:57,255 INFO Gesendet: Kasteel Schaloenstraat 15, Maastricht | €1.950,00 / month (excl.) | https://wmm.nl/en/offers/maastricht/kasteel-schaloenstraat-15/8554
2026-08-03 16:11:59,634 INFO Gesendet: Meerssenerweg 291A, Maastricht | €614,80 / month (incl.) | https://wmm.nl/en/offers/maastricht/meerssenerweg-291a/11981
2026-08-03 16:11:59,634 INFO Quelle 'wmm': 14 Treffer, 6 neu
2026-08-03 16:12:00,534 INFO maasland: 5 Angebote
2026-08-03 16:12:00,535 INFO Quelle 'maasland': 5 Treffer, 0 neu
2026-08-03 16:12:01,705 INFO immoweb: 39 Angebote
2026-08-03 16:12:01,706 INFO Quelle 'immoweb': 39 Treffer, 0 neu
2026-08-03 16:12:01,706 INFO Lauf beendet: 78 Treffer gesamt, 6 neu gesamt
2026-08-03 18:10:37,521 WARNING Quelle 'huurwoningen' nicht erreichbar: 403 Client Error: Forbidden for url: https://www.huurwoningen.nl/en/in/maastricht/
2026-08-03 18:10:38,252 INFO kamernet: 17 Listings im HTML
2026-08-03 18:10:38,252 INFO kamernet: 17 Listings nach Filterung
2026-08-03 18:10:38,253 INFO Quelle 'kamernet': 17 Treffer, 0 neu
2026-08-03 18:10:40,972 INFO mghousing: API lieferte 42 Objekte
2026-08-03 18:10:40,972 INFO mghousing: 3 Objekte nach Filterung
2026-08-03 18:10:40,974 INFO Quelle 'mghousing': 3 Treffer, 0 neu
2026-08-03 18:10:41,751 INFO wmm: 14 Angebote
2026-08-03 18:10:41,752 INFO Quelle 'wmm': 14 Treffer, 0 neu
2026-08-03 18:10:42,498 INFO maasland: 5 Angebote
2026-08-03 18:10:42,498 INFO Quelle 'maasland': 5 Treffer, 0 neu
2026-08-03 18:10:43,763 INFO immoweb: 39 Angebote
2026-08-03 18:10:43,764 INFO Quelle 'immoweb': 39 Treffer, 0 neu
2026-08-03 18:10:43,764 INFO Lauf beendet: 78 Treffer gesamt, 0 neu gesamt
2026-08-03 20:00:07,048 WARNING Quelle 'huurwoningen' nicht erreichbar: 403 Client Error: Forbidden for url: https://www.huurwoningen.nl/en/in/maastricht/
2026-08-03 20:00:08,546 INFO kamernet: 17 Listings im HTML
2026-08-03 20:00:08,547 INFO kamernet: 17 Listings nach Filterung
2026-08-03 20:00:08,547 INFO Quelle 'kamernet': 17 Treffer, 0 neu
2026-08-03 20:00:12,245 INFO mghousing: API lieferte 42 Objekte
2026-08-03 20:00:12,246 INFO mghousing: 3 Objekte nach Filterung
2026-08-03 20:00:12,247 INFO Quelle 'mghousing': 3 Treffer, 0 neu
2026-08-03 20:00:13,169 INFO wmm: 14 Angebote
2026-08-03 20:00:13,170 INFO Quelle 'wmm': 14 Treffer, 0 neu
2026-08-03 20:00:13,822 INFO maasland: 5 Angebote
2026-08-03 20:00:13,823 INFO Quelle 'maasland': 5 Treffer, 0 neu
2026-08-03 20:00:14,880 INFO immoweb: 39 Angebote
2026-08-03 20:00:18,072 INFO Gesendet: Hasseltsestraat, 3740 Bilzen | €994 p.m. | https://www.immoweb.be/en/classified/21744905
2026-08-03 20:00:18,073 INFO Quelle 'immoweb': 39 Treffer, 1 neu
2026-08-03 20:00:18,073 INFO Lauf beendet: 78 Treffer gesamt, 1 neu gesamt
2026-08-03 21:16:16,044 WARNING Quelle 'huurwoningen' nicht erreichbar: 403 Client Error: Forbidden for url: https://www.huurwoningen.nl/en/in/maastricht/
2026-08-03 21:16:17,202 INFO kamernet: 17 Listings im HTML
2026-08-03 21:16:17,202 INFO kamernet: 17 Listings nach Filterung
2026-08-03 21:16:17,203 INFO Quelle 'kamernet': 17 Treffer, 0 neu
2026-08-03 21:16:20,316 INFO mghousing: API lieferte 42 Objekte
2026-08-03 21:16:20,316 INFO mghousing: 3 Objekte nach Filterung
2026-08-03 21:16:20,318 INFO Quelle 'mghousing': 3 Treffer, 0 neu
2026-08-03 21:16:40,353 WARNING Quelle 'wmm' nicht erreichbar: HTTPSConnectionPool(host='wmm.nl', port=443): Max retries exceeded with url: /en/offers (Caused by ConnectTimeoutError(<HTTPSConnection(host='wmm.nl', port=443) at 0x7fae0c7b3a40>, 'Connection to wmm.nl timed out. (connect timeout=20)'))
2026-08-03 21:16:41,117 INFO maasland: 5 Angebote
2026-08-03 21:16:41,118 INFO Quelle 'maasland': 5 Treffer, 0 neu
2026-08-03 21:16:42,176 INFO immoweb: 39 Angebote
2026-08-03 21:16:42,177 INFO Quelle 'immoweb': 39 Treffer, 0 neu
2026-08-03 21:16:42,177 INFO Lauf beendet: 64 Treffer gesamt, 0 neu gesamt
2026-08-03 22:30:01,944 WARNING Quelle 'huurwoningen' nicht erreichbar: 403 Client Error: Forbidden for url: https://www.huurwoningen.nl/en/in/maastricht/
2026-08-03 22:30:02,904 INFO kamernet: 17 Listings im HTML
2026-08-03 22:30:02,904 INFO kamernet: 17 Listings nach Filterung
2026-08-03 22:30:02,905 INFO Quelle 'kamernet': 17 Treffer, 0 neu
2026-08-03 22:30:05,935 INFO mghousing: API lieferte 42 Objekte
2026-08-03 22:30:05,935 INFO mghousing: 3 Objekte nach Filterung
2026-08-03 22:30:05,937 INFO Quelle 'mghousing': 3 Treffer, 0 neu
2026-08-03 22:30:25,966 WARNING Quelle 'wmm' nicht erreichbar: HTTPSConnectionPool(host='wmm.nl', port=443): Max retries exceeded with url: /en/offers (Caused by ConnectTimeoutError(<HTTPSConnection(host='wmm.nl', port=443) at 0x7f0d249c7ad0>, 'Connection to wmm.nl timed out. (connect timeout=20)'))
2026-08-03 22:30:26,579 INFO maasland: 5 Angebote
2026-08-03 22:30:26,580 INFO Quelle 'maasland': 5 Treffer, 0 neu
2026-08-03 22:30:27,657 INFO immoweb: 39 Angebote
2026-08-03 22:30:27,658 INFO Quelle 'immoweb': 39 Treffer, 0 neu
2026-08-03 22:30:27,658 INFO Lauf beendet: 64 Treffer gesamt, 0 neu gesamt
2026-08-03 23:41:55,280 WARNING Quelle 'huurwoningen' nicht erreichbar: 403 Client Error: Forbidden for url: https://www.huurwoningen.nl/en/in/maastricht/
2026-08-03 23:41:56,682 INFO kamernet: 17 Listings im HTML
2026-08-03 23:41:56,682 INFO kamernet: 17 Listings nach Filterung
2026-08-03 23:41:56,682 INFO Quelle 'kamernet': 17 Treffer, 0 neu
2026-08-03 23:41:59,636 INFO mghousing: API lieferte 42 Objekte
2026-08-03 23:41:59,637 INFO mghousing: 3 Objekte nach Filterung
2026-08-03 23:41:59,638 INFO Quelle 'mghousing': 3 Treffer, 0 neu
2026-08-03 23:42:00,240 INFO wmm: 14 Angebote
2026-08-03 23:42:00,240 INFO Quelle 'wmm': 14 Treffer, 0 neu
2026-08-03 23:42:00,695 INFO maasland: 5 Angebote
2026-08-03 23:42:00,695 INFO Quelle 'maasland': 5 Treffer, 0 neu
2026-08-03 23:42:01,821 INFO immoweb: 39 Angebote
2026-08-03 23:42:01,822 INFO Quelle 'immoweb': 39 Treffer, 0 neu
2026-08-03 23:42:01,822 INFO Lauf beendet: 78 Treffer gesamt, 0 neu gesamt
2026-08-04 01:08:50,977 WARNING Quelle 'huurwoningen' nicht erreichbar: 403 Client Error: Forbidden for url: https://www.huurwoningen.nl/en/in/maastricht/
2026-08-04 01:08:51,544 INFO kamernet: 17 Listings im HTML
2026-08-04 01:08:51,544 INFO kamernet: 17 Listings nach Filterung
2026-08-04 01:08:51,545 INFO Quelle 'kamernet': 17 Treffer, 0 neu
2026-08-04 01:08:53,483 INFO mghousing: API lieferte 42 Objekte
2026-08-04 01:08:53,483 INFO mghousing: 3 Objekte nach Filterung
2026-08-04 01:08:53,484 INFO Quelle 'mghousing': 3 Treffer, 0 neu
2026-08-04 01:08:54,098 INFO wmm: 14 Angebote
2026-08-04 01:08:54,098 INFO Quelle 'wmm': 14 Treffer, 0 neu
2026-08-04 01:08:54,529 INFO maasland: 4 Angebote
2026-08-04 01:08:54,530 INFO Quelle 'maasland': 4 Treffer, 0 neu
2026-08-04 01:08:55,429 INFO immoweb: 39 Angebote
2026-08-04 01:08:55,430 INFO Quelle 'immoweb': 39 Treffer, 0 neu
2026-08-04 01:08:55,430 INFO Lauf beendet: 77 Treffer gesamt, 0 neu gesamt
2026-08-04 04:31:55,539 WARNING Quelle 'huurwoningen' nicht erreichbar: 403 Client Error: Forbidden for url: https://www.huurwoningen.nl/en/in/maastricht/
2026-08-04 04:31:56,217 INFO kamernet: 17 Listings im HTML
2026-08-04 04:31:56,218 INFO kamernet: 17 Listings nach Filterung
2026-08-04 04:31:56,218 INFO Quelle 'kamernet': 17 Treffer, 0 neu
2026-08-04 04:31:58,819 INFO mghousing: API lieferte 42 Objekte
2026-08-04 04:31:58,819 INFO mghousing: 3 Objekte nach Filterung
2026-08-04 04:31:58,820 INFO Quelle 'mghousing': 3 Treffer, 0 neu
2026-08-04 04:32:18,856 WARNING Quelle 'wmm' nicht erreichbar: HTTPSConnectionPool(host='wmm.nl', port=443): Max retries exceeded with url: /en/offers (Caused by ConnectTimeoutError(<HTTPSConnection(host='wmm.nl', port=443) at 0x7fcb3bdc7ad0>, 'Connection to wmm.nl timed out. (connect timeout=20)'))
2026-08-04 04:32:19,436 INFO maasland: 4 Angebote
2026-08-04 04:32:19,437 INFO Quelle 'maasland': 4 Treffer, 0 neu
2026-08-04 04:32:20,564 INFO immoweb: 39 Angebote
2026-08-04 04:32:20,565 INFO Quelle 'immoweb': 39 Treffer, 0 neu
2026-08-04 04:32:20,565 INFO Lauf beendet: 63 Treffer gesamt, 0 neu gesamt
2026-08-04 07:19:53,900 WARNING Quelle 'huurwoningen' nicht erreichbar: 403 Client Error: Forbidden for url: https://www.huurwoningen.nl/en/in/maastricht/
2026-08-04 07:19:54,777 INFO kamernet: 17 Listings im HTML
2026-08-04 07:19:54,777 INFO kamernet: 17 Listings nach Filterung
2026-08-04 07:19:54,777 INFO Quelle 'kamernet': 17 Treffer, 0 neu
2026-08-04 07:19:57,368 INFO mghousing: API lieferte 42 Objekte
2026-08-04 07:19:57,368 INFO mghousing: 3 Objekte nach Filterung
2026-08-04 07:19:57,370 INFO Quelle 'mghousing': 3 Treffer, 0 neu
2026-08-04 07:19:57,974 INFO wmm: 14 Angebote
2026-08-04 07:19:57,974 INFO Quelle 'wmm': 14 Treffer, 0 neu
2026-08-04 07:19:58,513 INFO maasland: 4 Angebote
2026-08-04 07:19:58,513 INFO Quelle 'maasland': 4 Treffer, 0 neu
2026-08-04 07:19:59,708 INFO immoweb: 39 Angebote
2026-08-04 07:19:59,709 INFO Quelle 'immoweb': 39 Treffer, 0 neu
2026-08-04 07:19:59,709 INFO Lauf beendet: 77 Treffer gesamt, 0 neu gesamt
2026-08-04 10:06:38,273 WARNING Quelle 'huurwoningen' nicht erreichbar: 403 Client Error: Forbidden for url: https://www.huurwoningen.nl/en/in/maastricht/
2026-08-04 10:06:39,159 INFO kamernet: 17 Listings im HTML
2026-08-04 10:06:39,159 INFO kamernet: 17 Listings nach Filterung
2026-08-04 10:06:39,160 INFO Quelle 'kamernet': 17 Treffer, 0 neu
2026-08-04 10:06:41,675 INFO mghousing: API lieferte 41 Objekte
2026-08-04 10:06:41,675 INFO mghousing: 4 Objekte nach Filterung
2026-08-04 10:06:41,676 INFO Quelle 'mghousing': 4 Treffer, 0 neu
2026-08-04 10:06:42,431 INFO wmm: 14 Angebote
2026-08-04 10:06:42,431 INFO Quelle 'wmm': 14 Treffer, 0 neu
2026-08-04 10:06:43,119 INFO maasland: 4 Angebote
2026-08-04 10:06:43,120 INFO Quelle 'maasland': 4 Treffer, 0 neu
2026-08-04 10:06:44,242 INFO immoweb: 40 Angebote
2026-08-04 10:06:46,618 INFO Gesendet: Belgicastraat, 3740 Bilzen | €1.200 p.m. | https://www.immoweb.be/en/classified/21745753
2026-08-04 10:06:46,618 INFO Quelle 'immoweb': 40 Treffer, 1 neu
2026-08-04 10:06:46,618 INFO Lauf beendet: 79 Treffer gesamt, 1 neu gesamt
